,NoDur,Durbl,Manuf,Enrgy,HiTec,Telcm,Shops,Hlth ,Utils,Other,Year,Month
978,-5.2,-5.4,-7.43,-9.08,-12.37,-7.75,-0.49,-4.6,-6.93,-2.08,2008,1
979,-0.06,-5.97,0.74,6.87,-3.58,-3.88,-4.65,-0.93,-3.02,-7.87,2008,2
980,1.21,-4.13,-0.1,-2.94,0.66,-0.05,1.86,-1.77,0.81,-1.92,2008,3
981,-1.08,6.6,5.04,10.7,6.46,4.69,5.01,0.44,6.39,3.47,2008,4
982,3.32,1.36,3.3,4.23,5.68,4.73,1.18,1.63,3.58,-2.35,2008,5
983,-7.42,-19.56,-9.25,2.76,-8.83,-10.89,-8.08,-3.01,-0.4,-14.64,2008,6
984,2.25,-0.23,-0.28,-15.67,-0.53,-3.18,1.14,6.73,-7.13,4.3,2008,7
985,1.72,1.76,1.42,-0.03,2.39,4.0,5.38,1.8,-0.43,0.41,2008,8
986,-2.93,-9.19,-13.48,-12.1,-12.44,-12.61,-5.77,-5.96,-11.94,-6.0,2008,9
987,-13.02,-33.18,-20.75,-16.67,-18.33,-15.56,-15.13,-11.03,-11.12,-19.8,2008,10
988,-5.47,-10.3,-7.76,0.22,-10.9,-1.58,-7.69,-7.35,1.23,-12.4,2008,11
989,0.86,0.3,1.37,-2.42,2.17,3.46,4.88,6.74,-2.04,0.76,2008,12
990,-5.13,-13.78,-9.14,-3.53,-3.23,-10.28,-7.6,-2.21,-0.82,-17.81,2009,1
991,-7.65,-12.27,-13.49,-12.46,-5.06,-6.94,-3.06,-9.95,-12.59,-14.53,2009,2
992,6.42,11.95,7.61,3.95,11.5,7.51,9.95,7.06,2.79,13.01,2009,3
993,4.96,45.52,17.33,4.53,12.27,9.66,9.53,-0.9,2.09,16.17,2009,4
994,7.16,-3.65,5.49,10.37,3.03,1.05,-0.94,6.2,4.63,7.23,2009,5
995,0.65,4.31,-1.71,-4.75,4.55,1.65,-0.29,3.59,4.63,-2.02,2009,6
996,7.31,19.73,11.32,5.33,8.12,5.52,6.76,5.49,4.41,9.16,2009,7
997,0.74,2.45,2.97,0.79,2.27,0.73,3.7,2.21,0.25,7.7,2009,8
998,4.21,2.14,6.52,5.07,5.22,6.48,2.4,2.39,2.24,3.14,2009,9
999,-0.62,-0.63,-2.85,2.45,-1.52,-3.48,0.05,-3.72,-2.71,-5.38,2009,10
1000,3.86,10.36,7.6,3.26,4.85,6.52,5.01,8.23,4.57,5.66,2009,11
1001,2.64,5.69,2.88,-0.5,5.99,6.42,1.95,2.47,5.86,0.73,2009,12
1002,-2.4,-0.43,-3.32,-4.84,-7.84,-6.72,-1.84,-0.02,-4.44,-0.54,2010,1
1003,2.66,7.39,5.21,2.61,4.81,2.76,4.3,0.38,-0.42,3.64,2010,2
1004,5.89,9.35,6.52,3.23,6.69,7.63,6.26,3.63,3.12,8.1,2010,3
1005,-1.02,7.26,3.19,4.05,2.28,3.41,2.55,-2.18,2.85,1.83,2010,4
1006,-5.73,-9.06,-8.42,-10.27,-7.78,-5.86,-5.36,-8.06,-6.29,-8.76,2010,5
1007,-1.9,-10.67,-5.8,-6.36,-6.17,-3.84,-9.06,-1.67,-0.7,-6.52,2010,6
1008,7.36,15.72,9.66,7.69,7.31,9.53,4.61,2.14,6.81,6.81,2010,7
1009,-1.17,-9.67,-5.49,-3.43,-6.53,-1.99,-3.97,-1.66,0.37,-7.1,2010,8
1010,6.14,13.52,10.09,9.21,12.56,7.87,12.15,9.01,3.65,8.51,2010,9
1011,4.34,8.49,5.12,4.59,6.41,4.57,2.42,1.98,1.86,2.03,2010,10
1012,-0.07,7.47,1.43,5.52,-0.74,-1.89,4.17,-3.34,-1.33,0.5,2010,11
1013,4.35,8.61,7.01,9.41,5.99,6.58,3.23,5.44,3.22,9.23,2010,12
1014,-2.37,0.3,2.98,6.93,3.93,0.07,-0.86,-0.72,2.2,2.1,2011,1
1015,4.72,-1.78,3.42,7.63,2.42,7.4,2.26,3.32,2.43,2.94,2011,2
1016,3.02,1.74,1.86,2.1,-1.45,1.68,1.1,2.29,0.92,-1.08,2011,3
1017,4.61,2.22,2.96,1.59,3.14,3.3,4.51,6.34,4.0,1.06,2011,4
1018,2.04,-3.54,-2.17,-4.52,-1.75,0.77,0.88,1.95,1.32,-2.64,2011,5
1019,-1.08,-1.06,-0.61,-2.34,-2.46,-1.39,-0.89,-1.88,-0.34,-2.12,2011,6
1020,-0.42,-8.93,-4.8,0.5,-0.52,-4.95,-0.64,-3.66,-0.33,-3.66,2011,7
1021,-0.66,-12.08,-6.14,-10.02,-6.79,-5.06,-2.89,-3.16,0.17,-8.15,2011,8
1022,-4.88,-14.1,-10.97,-12.31,-4.8,-5.77,-3.89,-3.95,-1.61,-11.1,2011,9
1023,6.29,23.28,14.09,16.24,11.8,7.59,9.77,5.54,6.7,13.59,2011,10
1024,1.44,-8.02,1.39,2.15,-2.0,0.3,1.06,1.3,1.0,-2.03,2011,11
1025,1.89,-1.2,-0.78,-0.36,-1.42,3.13,0.9,3.51,2.93,1.46,2011,12
1026,0.39,13.55,6.74,1.03,8.49,2.37,4.07,3.41,-2.71,7.23,2012,1
1027,3.93,6.05,3.86,6.49,6.64,4.85,3.12,1.26,1.31,4.21,2012,2
1028,3.88,0.94,0.68,-3.27,4.66,2.31,4.66,3.94,1.48,4.9,2012,3
1029,0.81,-7.02,-0.72,-1.57,-2.11,1.75,0.96,0.61,1.73,-1.66,2012,4
1030,-2.67,-8.16,-7.78,-10.56,-7.85,-0.81,-3.05,-3.25,-0.91,-7.73,2012,5
1031,3.42,-5.56,1.25,5.78,2.91,7.05,2.17,6.83,3.4,4.89,2012,6
1032,1.38,0.38,0.86,2.82,-0.11,4.14,1.24,1.63,3.62,-1.23,2012,7
1033,0.12,4.15,3.26,2.37,4.8,0.97,2.75,0.98,-3.44,3.12,2012,8
1034,0.89,3.57,1.66,3.82,1.24,4.86,1.95,4.69,2.11,3.79,2012,9
1035,-1.71,5.88,-0.62,-1.88,-6.34,-2.4,-1.02,-1.91,1.09,0.91,2012,10
1036,3.22,3.12,2.66,-1.5,1.46,0.07,1.46,1.5,-3.76,-0.37,2012,11
1037,-2.28,7.31,2.76,1.33,0.36,1.15,-1.12,-0.53,0.08,3.67,2012,12
1038,5.1,3.5,6.05,7.47,2.38,4.85,5.58,8.08,5.05,6.76,2013,1
1039,3.19,0.01,1.28,0.68,0.67,2.29,0.85,1.32,2.2,1.41,2013,2
1040,5.06,4.03,2.61,2.07,2.72,5.64,4.72,6.51,5.68,4.18,2013,3
1041,3.78,3.65,0.75,-1.39,0.4,4.3,2.69,2.6,5.13,0.83,2013,4
1042,-2.31,9.88,3.48,3.05,4.55,-1.8,2.23,1.62,-7.11,5.92,2013,5
1043,0.11,-0.46,-1.99,-2.39,-2.92,2.09,-0.06,-1.37,0.82,-1.19,2013,6
1044,2.86,9.01,6.15,5.18,5.7,3.42,5.9,8.08,4.58,5.69,2013,7
1045,-3.93,-1.02,-1.84,-1.89,-0.2,-3.29,-4.23,-3.68,-4.42,-3.64,2013,8
1046,1.95,6.47,5.2,1.97,3.83,4.28,4.51,4.16,1.04,3.83,2013,9
1047,4.81,0.76,4.52,4.78,3.8,5.81,5.11,3.56,3.34,3.9,2013,10
1048,1.29,1.88,2.87,0.85,3.58,0.09,3.68,4.49,-1.8,4.79,2013,11
1049,2.45,1.24,3.11,3.05,3.99,3.97,0.28,0.62,1.79,3.1,2013,12
1050,-5.75,-3.61,-4.19,-6.89,-1.39,-3.8,-6.45,1.88,2.49,-4.37,2014,1
1051,3.43,8.0,5.39,5.66,5.14,2.56,5.35,6.48,3.08,3.49,2014,2
1052,3.26,-1.13,0.37,2.44,-0.62,0.17,-0.58,-2.56,2.68,1.98,2014,3
1053,1.54,0.33,0.9,5.67,-1.05,0.39,-0.95,-0.41,3.98,-1.97,2014,4
1054,3.47,0.69,1.19,0.88,3.39,4.1,0.98,1.87,0.0,1.86,2014,5
1055,1.16,4.45,1.37,4.12,2.88,1.54,1.29,2.9,5.41,2.45,2014,6
1056,-4.34,-4.66,-4.13,-3.55,0.23,0.79,-2.25,-0.3,-6.4,-2.27,2014,7
1057,5.56,5.19,4.81,2.31,4.24,0.32,5.01,5.54,5.31,4.12,2014,8
1058,-0.1,-9.41,-2.54,-7.83,-1.35,-1.44,-1.44,-0.22,-3.37,-1.13,2014,9
1059,2.67,3.72,2.38,-4.19,1.46,1.31,3.06,5.9,6.71,3.44,2014,10
1060,4.74,4.73,2.25,-9.59,4.3,2.46,7.57,2.52,0.26,2.49,2014,11
1061,-2.41,0.6,-0.11,0.54,-1.2,-2.04,1.6,-0.82,1.86,1.17,2014,12
1062,-0.55,-4.36,-3.75,-4.31,-3.49,-4.47,-0.25,1.59,1.24,-6.36,2015,1
1063,5.13,8.18,6.14,4.73,8.25,8.91,5.56,4.24,-4.35,7.21,2015,2
1064,-2.44,-0.46,-2.06,-2.49,-2.47,-2.11,0.69,0.76,-0.32,-0.59,2015,3
1065,0.85,-1.01,-0.71,6.67,1.44,3.6,-2.19,-1.42,0.28,0.62,2015,4
1066,1.49,1.04,0.89,-5.1,1.99,0.33,0.94,4.91,-0.46,1.74,2015,5
1067,-1.34,-1.65,-1.97,-3.77,-3.58,-0.52,-0.57,0.16,-5.29,0.03,2015,6
1068,4.96,-2.09,-2.06,-8.93,2.38,1.55,4.91,3.49,2.65,1.82,2015,7
1069,-4.11,-6.14,-5.62,-3.64,-5.79,-8.38,-5.37,-8.37,-4.06,-6.18,2015,8
1070,-0.56,-3.3,-4.26,-5.74,-1.48,-2.49,-1.79,-6.95,-0.5,-3.06,2015,9
1071,6.8,6.78,9.42,12.17,10.18,9.07,4.51,7.5,2.09,6.6,2015,10
1072,-0.91,1.94,0.43,1.06,1.25,-2.02,0.91,0.57,-3.44,1.38,2015,11
1073,0.78,-3.99,-2.58,-9.61,-2.63,-2.97,0.31,0.29,-2.36,-2.67,2015,12
1074,0.17,-12.63,-5.72,-4.36,-6.12,0.34,-4.18,-10.13,4.67,-8.77,2016,1
1075,0.59,4.09,3.35,-2.95,-0.86,0.95,0.07,-0.98,1.75,-0.43,2016,2
1076,5.0,10.8,6.9,10.89,8.35,6.13,5.72,3.96,7.86,7.16,2016,3
1077,0.3,1.52,2.32,9.17,-4.1,0.67,-0.64,4.95,-0.8,2.39,2016,4
1078,0.73,-1.2,-0.52,-0.59,5.07,0.29,0.98,2.41,2.24,1.2,2016,5
1079,4.73,-5.8,0.92,2.55,-1.77,3.57,0.88,-0.16,7.42,-3.07,2016,6
1080,-0.06,8.81,4.07,-2.73,7.63,2.24,3.51,6.16,-0.26,3.75,2016,7
1081,-0.61,0.19,1.48,1.61,1.8,-3.17,-1.42,-3.14,-3.77,3.3,2016,8
1082,-2.48,-1.66,-0.09,2.83,2.3,0.48,-0.67,0.58,1.83,-1.1,2016,9
1083,-0.18,-3.56,-2.58,-2.96,-1.14,-3.03,-3.97,-7.52,-0.67,0.74,2016,10
1084,-3.87,7.49,6.29,9.57,0.62,6.55,4.39,2.4,-2.64,11.64,2016,11
1085,3.46,4.0,0.5,1.97,0.95,4.88,-0.4,0.72,3.61,2.97,2016,12
1086,1.69,2.94,3.35,-4.29,4.58,3.36,1.03,2.03,1.07,0.95,2017,1
1087,3.75,0.62,4.16,-2.46,4.89,-0.03,2.82,7.0,3.98,3.68,2017,2
1088,0.88,0.23,0.13,-1.19,2.09,0.92,0.81,0.04,0.37,-1.66,2017,3
1089,0.51,1.85,1.86,-2.74,2.61,0.17,2.7,0.91,0.33,0.3,2017,4
1090,3.23,-0.36,1.29,-3.36,4.23,-1.4,1.65,-0.26,2.43,-0.52,2017,5
1091,-1.06,3.59,1.21,-0.15,-2.04,-2.45,-1.94,5.54,-1.91,4.41,2017,6
1092,-0.13,-1.19,2.18,2.06,3.67,5.27,0.16,0.7,2.99,1.36,2017,7
1093,-1.75,-0.02,0.34,-5.09,3.01,-2.47,-1.63,2.59,2.17,-0.64,2017,8
1094,-0.4,5.29,4.22,10.93,0.68,-1.51,2.42,2.09,-1.95,4.57,2017,9
1095,0.08,1.2,2.78,0.5,6.93,-5.55,2.78,-2.26,3.02,2.08,2017,10
1096,4.07,-0.65,3.46,2.95,1.04,4.07,8.04,2.46,2.42,3.91,2017,11
1097,2.01,-0.87,2.29,5.01,-0.16,4.48,2.44,-0.15,-4.98,1.41,2017,12
1098,1.93,2.66,4.1,2.8,7.85,3.16,9.41,6.38,-2.81,5.78,2018,1
1099,-6.22,-6.08,-4.04,-10.75,-0.09,-7.05,-4.64,-3.49,-4.54,-3.28,2018,2
1100,-1.08,-5.74,-2.24,3.0,-3.17,-2.54,-2.52,-2.41,3.17,-2.63,2018,3
1101,-3.98,-0.07,-3.42,10.05,-0.21,-2.28,3.93,-0.04,2.78,0.62,2018,4
1102,-0.56,2.97,2.52,3.41,6.81,-0.83,0.87,2.37,0.22,1.34,2018,5
1103,4.55,0.88,-1.01,0.53,-0.4,6.43,3.03,1.48,2.61,-0.97,2018,6
1104,2.86,-1.63,5.25,1.09,2.45,2.71,3.22,5.92,1.69,3.81,2018,7
1105,-1.15,-0.72,-0.35,-2.84,7.2,2.91,8.04,4.5,0.93,2.27,2018,8
1106,0.72,-3.95,1.31,3.37,-0.14,1.77,0.6,2.08,-0.56,-1.45,2018,9
1107,-0.24,-2.86,-9.92,-11.92,-8.77,-0.43,-8.78,-8.79,-0.07,-6.74,2018,10
1108,0.48,5.33,4.64,-2.2,-1.53,2.53,2.47,6.42,3.28,2.81,2018,11
1109,-11.29,-11.37,-8.74,-13.04,-8.14,-8.7,-9.06,-8.25,-4.76,-10.94,2018,12
1110,7.29,10.54,9.72,10.33,9.29,5.44,8.2,5.32,5.42,9.8,2019,1
1111,1.34,3.75,5.19,2.47,5.76,3.23,0.68,3.3,3.56,2.96,2019,2
1112,3.66,-5.36,-0.85,2.02,3.78,0.45,3.43,0.5,3.33,-1.47,2019,3
1113,3.13,3.33,4.05,0.22,5.85,6.02,4.63,-3.16,1.0,6.63,2019,4
1114,-5.62,-12.43,-9.16,-11.83,-8.44,-3.0,-6.04,-3.4,-1.55,-6.17,2019,5
1115,4.92,13.15,8.07,8.83,8.03,5.14,7.14,6.83,3.64,6.64,2019,6
1116,1.75,1.03,0.94,-2.68,3.47,2.05,0.91,-2.18,-1.01,1.86,2019,7
1117,-1.38,-4.76,-1.69,-8.74,-2.57,0.29,0.12,-0.64,3.44,-4.69,2019,8
1118,1.87,3.69,3.85,3.68,1.17,1.23,0.86,-0.98,3.93,2.06,2019,9
1119,0.07,7.15,0.08,-2.07,3.19,2.16,0.78,4.68,-1.39,3.11,2019,10
1120,2.18,2.69,3.28,1.16,5.23,2.49,2.16,5.61,-2.14,5.07,2019,11
1121,3.5,5.49,1.36,6.2,3.78,1.02,1.32,3.46,4.11,2.41,2019,12
2152,-5.2,-5.82,-7.7,-5.23,-10.03,-9.44,-3.9,-5.19,-6.07,-1.01,2008,1
2153,-0.99,-4.88,-0.22,7.27,-2.99,-6.69,-5.29,-1.63,-3.64,-4.47,2008,2
2154,-1.45,-3.46,-2.14,-2.25,-3.13,-1.29,-1.12,-5.66,0.17,-2.14,2008,3
2155,1.31,0.62,4.57,10.34,3.33,0.35,2.9,2.25,5.77,0.22,2008,4
2156,2.32,2.72,6.17,18.99,5.42,3.9,2.02,3.59,4.17,-0.28,2008,5
2157,-11.57,-14.82,-9.59,11.96,-8.43,-11.17,-11.31,-6.95,-2.91,-13.22,2008,6
2158,1.06,-1.12,0.82,-18.11,-0.8,-4.04,1.29,6.43,-2.02,2.9,2008,7
2159,3.26,-0.04,2.0,-1.47,2.05,3.12,5.39,-0.05,1.85,3.28,2008,8
2160,-6.5,-11.82,-15.93,-22.92,-14.4,-15.68,-9.46,-13.07,-8.13,-5.99,2008,9
2161,-21.33,-31.63,-25.38,-32.49,-22.43,-26.68,-23.99,-18.99,-10.29,-18.13,2008,10
2162,-16.45,-16.5,-15.44,-19.41,-14.29,-13.25,-18.64,-13.88,-0.72,-12.42,2008,11
2163,3.56,-3.12,2.27,-8.07,3.33,5.41,8.26,7.13,-0.11,1.8,2008,12
2164,-7.88,-6.13,-8.18,-1.89,0.54,-4.58,-4.72,6.24,-1.24,-9.22,2009,1
2165,-10.16,-17.29,-16.34,-19.73,-8.59,-9.45,-7.23,-11.77,-12.83,-12.11,2009,2
2166,9.26,19.56,10.32,8.62,12.46,12.99,18.06,13.58,3.27,12.78,2009,3
2167,27.79,38.75,27.77,24.33,20.41,24.68,34.96,13.85,3.92,18.49,2009,4
2168,12.71,4.38,6.98,28.74,8.43,10.59,7.15,18.4,3.21,6.62,2009,5
2169,-1.34,8.37,2.07,-8.04,7.73,1.98,4.7,10.73,6.0,0.2,2009,6
2170,14.8,19.71,12.61,6.5,8.7,7.48,9.59,9.09,5.09,6.28,2009,7
2171,8.83,10.9,8.22,3.69,6.01,19.67,6.43,5.62,0.98,6.01,2009,8
2172,6.52,8.39,9.34,17.56,10.72,11.93,5.81,8.39,2.7,2.45,2009,9
2173,-2.34,-4.19,-6.0,-5.29,-6.66,-3.7,-4.21,-10.53,-2.41,-7.25,2009,10
2174,1.28,5.84,5.3,-1.24,2.89,4.49,1.36,3.2,3.87,-0.38,2009,11
2175,6.95,8.5,8.4,9.03,8.61,10.3,5.69,8.14,6.32,3.7,2009,12
2176,0.14,-1.0,-2.29,-2.46,-3.0,-4.04,-1.17,-0.02,-4.06,2.13,2010,1
2177,5.92,5.0,4.75,5.46,5.22,3.32,5.84,2.16,0.56,2.58,2010,2
2178,9.85,8.52,8.84,3.51,8.07,11.12,10.47,8.09,4.51,7.07,2010,3
2179,5.56,10.27,8.76,9.43,5.18,10.82,7.57,6.96,3.64,9.29,2010,4
2180,-6.43,-9.71,-8.66,-12.84,-6.93,-7.44,-7.18,-9.0,-6.13,-8.27,2010,5
2181,-6.09,-11.55,-8.43,-6.08,-6.04,-6.83,-10.17,-7.7,-0.83,-8.85,2010,6
2182,5.7,8.34,8.7,7.55,6.53,7.44,6.03,3.03,5.91,4.41,2010,7
2183,-7.96,-6.85,-7.52,-7.02,-5.78,-8.76,-8.14,-5.54,-1.26,-7.39,2010,8
2184,9.01,12.66,11.6,12.61,13.91,11.54,14.11,11.24,5.01,8.03,2010,9
2185,2.13,7.83,7.37,4.69,6.03,5.74,3.87,2.85,2.57,2.72,2010,10
2186,3.18,2.94,3.69,10.48,1.57,1.94,4.08,-0.02,-0.2,1.2,2010,11
2187,5.79,6.59,9.24,11.38,8.25,6.46,5.51,10.49,3.7,9.01,2010,12
2188,-0.86,0.75,2.4,8.33,3.43,1.52,-0.7,1.26,1.75,1.88,2011,1
2189,3.53,-1.57,3.82,11.39,5.06,8.38,5.96,3.46,3.63,2.92,2011,2
2190,1.38,2.1,3.11,4.65,1.04,-0.26,0.79,2.77,2.25,-0.48,2011,3
2191,2.24,2.29,0.21,-0.39,1.4,1.77,2.36,5.02,3.17,0.23,2011,4
2192,-0.86,-4.37,-2.96,-7.14,-2.28,1.58,-0.2,-0.18,0.33,-2.72,2011,5
2193,-1.68,-1.94,-2.16,-5.13,-2.97,-2.35,-1.25,-4.12,-0.37,-2.17,2011,6
2194,-0.55,-5.17,-2.49,2.85,-4.48,-7.03,-1.77,-3.15,-1.03,-1.98,2011,7
2195,-8.41,-12.21,-9.72,-16.21,-10.03,-10.09,-8.39,-11.37,0.17,-8.21,2011,8
2196,-8.43,-14.32,-14.45,-20.61,-10.95,-12.35,-8.33,-9.36,-3.17,-9.84,2011,9
2197,9.33,16.88,15.82,23.08,11.88,11.9,12.53,9.88,7.0,10.61,2011,10
2198,-3.94,-6.09,-0.07,0.19,-3.92,-1.18,-0.74,-2.92,1.25,-0.95,2011,11
2199,1.0,-0.04,-1.53,-1.87,-0.94,0.23,0.73,-0.87,2.26,1.24,2011,12
2200,8.2,11.14,11.98,4.62,10.61,6.75,6.13,11.59,-2.05,8.57,2012,1
2201,5.23,5.12,3.27,6.07,3.75,4.92,5.04,4.06,1.24,3.71,2012,2
2202,3.06,4.45,0.85,-3.69,2.48,3.58,4.06,4.22,0.33,4.9,2012,3
2203,-0.4,-3.86,-1.13,-3.61,-2.74,-4.41,0.33,-1.57,1.44,-0.66,2012,4
2204,-3.3,-8.82,-10.63,-16.35,-8.36,-8.0,-5.62,-5.62,-1.6,-5.18,2012,5
2205,3.65,-1.62,2.68,3.51,3.53,5.8,2.27,7.32,4.16,3.8,2012,6
2206,-0.56,-2.35,-0.8,-2.5,-2.62,1.51,-0.64,0.93,3.09,-1.49,2012,7
2207,4.88,2.47,2.98,2.06,3.6,1.66,2.32,2.24,-1.6,2.53,2012,8
2208,1.83,7.35,2.83,6.29,2.25,6.8,2.84,6.35,2.76,3.98,2012,9
2209,0.07,-2.01,-0.32,-4.98,-5.31,-0.29,-1.59,-5.19,0.42,0.35,2012,10
2210,3.01,0.56,2.28,-3.32,0.25,-3.36,2.03,0.63,-2.56,-0.13,2012,11
2211,0.95,5.58,3.87,1.58,3.16,1.99,1.35,-0.71,0.63,3.55,2012,12
2212,6.18,9.21,7.48,6.62,6.45,8.53,6.14,9.1,5.11,7.69,2013,1
2213,1.12,1.06,0.95,-1.73,1.4,-1.49,0.9,-0.34,2.2,2.01,2013,2
2214,5.65,6.37,3.46,1.48,3.73,7.1,5.11,5.15,5.25,4.38,2013,3
2215,2.02,0.6,-1.11,-4.46,-0.83,5.98,1.66,1.02,4.36,-0.95,2013,4
2216,4.57,6.26,5.47,5.45,5.69,4.91,5.86,4.44,-4.75,4.8,2013,5
2217,1.85,-0.37,-1.43,-3.8,0.63,4.1,0.06,-1.27,0.14,0.19,2013,6
2218,5.35,6.79,7.07,7.11,7.84,9.02,6.22,10.74,5.92,6.96,2013,7
2219,-2.18,-1.7,-0.82,-1.51,-1.11,-3.19,-3.9,-1.91,-5.53,-2.54,2013,8
2220,4.03,8.37,6.67,4.67,6.13,7.23,5.38,9.15,2.56,4.39,2013,9
2221,3.72,3.56,4.33,5.8,2.23,3.03,2.64,-1.88,3.53,3.06,2013,10
2222,3.37,2.85,4.22,-2.1,4.49,3.86,3.71,8.27,-0.47,4.24,2013,11
2223,2.21,2.77,4.06,1.63,3.69,5.39,1.16,4.09,1.66,2.03,2013,12
2224,-3.57,-1.43,-1.8,-2.14,1.78,-0.31,-6.02,9.09,1.29,-1.46,2014,1
2225,5.67,4.99,5.53,5.98,4.62,3.28,4.5,5.98,3.47,3.57,2014,2
2226,3.27,0.95,1.37,1.89,-1.32,-0.5,0.24,-3.98,2.49,1.08,2014,3
2227,-2.76,-4.56,-2.82,4.82,-6.58,-4.74,-2.87,-7.85,1.94,-2.63,2014,4
2228,1.32,1.26,-0.46,-1.43,-0.07,2.48,-0.75,0.94,0.7,0.17,2014,5
2229,2.15,2.71,3.78,8.0,5.85,1.61,2.37,7.26,5.16,3.52,2014,6
2230,-4.23,-3.79,-4.98,-7.5,-5.2,-2.91,-4.94,-6.96,-6.44,-3.4,2014,7
2231,5.16,10.73,4.86,2.03,3.92,-0.61,4.74,4.7,5.63,3.37,2014,8
2232,-2.87,-7.23,-6.74,-12.84,-4.3,-5.32,-4.01,-4.97,-4.75,-3.42,2014,9
2233,3.6,6.1,2.56,-14.15,1.56,3.78,3.31,5.17,9.0,4.1,2014,10
2234,3.0,-0.82,-1.39,-18.24,1.58,0.73,2.51,0.58,-0.64,0.41,2014,11
2235,1.19,0.64,0.38,-10.0,2.29,-1.25,1.88,5.3,3.09,2.92,2014,12
2236,-1.76,-4.74,-5.76,-9.0,-3.1,-3.75,-2.61,2.62,0.76,-5.15,2015,1
2237,4.22,7.09,7.99,12.85,7.41,6.28,4.46,9.3,-2.69,5.09,2015,2
2238,1.67,-0.56,-0.42,-8.61,-1.45,0.79,1.75,1.08,-0.27,1.21,2015,3
2239,-1.09,0.2,0.68,15.35,-0.16,12.47,-2.59,-4.17,0.28,-0.12,2015,4
2240,1.36,-0.6,-0.6,-8.28,2.44,0.34,-0.15,5.09,-0.74,0.34,2015,5
2241,0.2,-2.35,-1.45,-8.53,-1.25,-1.78,0.14,2.57,-5.14,1.29,2015,6
2242,-0.66,-3.34,-6.1,-21.19,-3.95,-1.47,-1.78,-0.47,2.95,-1.33,2015,7
2243,-3.63,-4.32,-4.31,4.9,-5.65,-5.47,-4.89,-7.17,-3.4,-4.02,2015,8
2244,-3.92,-6.53,-8.54,-18.21,-3.39,-1.1,-5.67,-11.47,1.13,-2.7,2015,9
2245,4.87,7.45,7.93,8.44,5.9,6.41,3.29,2.88,3.2,4.86,2015,10
2246,-0.58,2.83,-0.58,-2.84,2.98,-2.47,-0.97,10.23,-1.99,2.12,2015,11
2247,-1.88,-5.3,-4.85,-18.06,-3.62,-4.12,-3.8,-5.78,0.16,-4.09,2015,12
2248,-2.02,-11.81,-9.02,-12.65,-8.63,-6.2,-7.11,-18.65,4.4,-7.69,2016,1
2249,1.85,4.92,3.74,-10.85,0.74,1.84,3.82,-2.9,1.07,0.3,2016,2
2250,4.52,7.4,10.44,24.2,6.8,4.49,7.8,7.71,8.06,7.52,2016,3
2251,1.93,1.05,5.34,20.51,1.1,2.79,-0.19,5.17,2.68,3.56,2016,4
2252,-0.87,-0.97,-0.85,-6.34,3.67,0.01,-3.33,1.41,2.39,1.14,2016,5
2253,3.91,-2.83,0.35,1.15,1.61,2.02,0.69,-4.51,7.45,-1.11,2016,6
2254,8.61,8.95,7.28,-1.06,7.36,2.26,4.57,6.26,-0.64,5.21,2016,7
2255,1.45,6.33,2.41,7.95,2.93,-0.31,0.42,0.9,-3.59,2.78,2016,8
2256,-2.14,5.9,0.69,5.09,2.0,0.99,-1.79,8.04,1.55,0.95,2016,9
2257,-4.23,-4.18,-4.19,-8.15,-5.24,-4.29,-4.14,-13.68,0.14,-2.26,2016,10
2258,3.56,10.59,11.64,18.53,5.0,6.02,9.36,5.31,1.7,12.76,2016,11
2259,1.06,2.35,0.83,2.19,0.28,4.1,2.17,-2.69,4.21,5.5,2016,12
2260,-0.51,-2.95,2.86,0.7,3.52,2.59,-2.81,4.74,0.23,0.81,2017,1
2261,1.65,-0.2,0.79,-6.82,2.3,0.5,-1.04,6.45,3.37,1.44,2017,2
2262,1.35,1.41,0.68,-4.92,1.78,0.74,0.41,2.31,1.66,-0.51,2017,3
2263,0.14,3.7,1.02,-7.1,1.71,7.13,1.76,-3.08,1.11,0.54,2017,4
2264,-0.74,0.43,-1.82,-7.27,2.14,-3.18,-3.84,-4.95,1.49,-2.62,2017,5
2265,1.61,3.84,1.62,-0.57,1.36,-0.19,0.1,10.41,-0.95,4.69,2017,6
2266,-0.77,-1.1,0.14,1.4,1.23,3.55,-2.46,-2.72,3.17,0.25,2017,7
2267,-2.03,-4.22,-3.04,-8.36,-1.0,0.32,-4.31,1.39,1.25,-1.94,2017,8
2268,2.98,10.16,8.59,13.8,6.48,0.54,6.92,8.3,-0.71,7.07,2017,9
2269,-1.22,1.09,1.62,-3.01,2.39,-3.01,-3.15,-2.27,2.95,0.7,2017,10
2270,5.63,3.8,2.85,3.79,1.92,1.9,7.67,2.54,2.77,3.65,2017,11
2271,4.1,-1.85,1.79,7.51,0.78,3.3,3.62,1.03,-5.02,-0.1,2017,12
2272,2.31,0.48,0.67,1.26,4.29,1.06,1.7,6.9,-3.82,2.75,2018,1
2273,-4.17,-6.08,-5.26,-10.38,-1.4,-4.86,-4.69,-3.51,-5.18,-3.91,2018,2
2274,0.0,-2.23,1.38,0.91,0.49,-3.06,1.69,0.22,5.13,1.4,2018,3
2275,0.79,-2.53,-0.86,9.71,0.14,-1.21,1.88,-0.17,3.47,0.95,2018,4
2276,2.45,6.55,4.95,7.05,6.62,-2.22,3.94,7.7,1.77,3.48,2018,5
2277,6.8,1.02,0.02,7.66,0.6,6.64,3.62,-2.59,1.95,0.3,2018,6
2278,-0.94,1.11,3.0,-2.05,-0.14,-1.22,0.44,-1.47,1.36,1.2,2018,7
2279,2.47,3.08,0.25,-4.72,7.49,7.39,5.62,5.86,0.9,1.61,2018,8
2280,0.16,-3.97,-0.9,0.53,-2.35,2.06,-2.66,-1.17,-0.08,-2.36,2018,9
2281,-4.58,-14.06,-12.3,-15.34,-10.73,-5.12,-8.48,-14.5,-1.55,-8.26,2018,10
2282,0.19,-0.92,0.51,-11.99,0.72,-0.54,-2.01,-0.45,4.34,0.7,2018,11
2283,-12.39,-12.88,-13.06,-22.1,-9.7,-13.66,-13.21,-18.41,-4.67,-11.25,2018,12
2284,10.63,16.81,14.59,18.04,15.75,12.52,11.69,18.35,4.97,11.05,2019,1
2285,3.37,7.08,5.62,0.74,6.89,2.63,3.82,6.55,3.26,4.85,2019,2
2286,-0.68,-6.86,-3.91,1.13,-0.42,-3.39,-3.79,2.98,3.24,-3.23,2019,3
2287,2.23,4.26,3.99,0.06,4.51,3.94,2.14,-2.36,1.07,4.38,2019,4
2288,-9.18,-11.31,-9.59,-20.71,-8.18,-6.26,-11.26,-8.25,-1.48,-5.91,2019,5
2289,5.19,10.96,8.27,3.83,5.09,2.41,5.7,4.4,4.46,5.7,2019,6
2290,1.44,0.7,-0.86,-9.41,1.04,-0.11,-1.07,-5.15,-1.31,1.23,2019,7
2291,-2.91,-6.39,-7.45,-16.38,-5.15,-8.0,-3.68,-4.73,0.49,-4.41,2019,8
2292,2.61,6.15,6.23,5.05,0.45,-0.06,6.73,-3.45,3.75,3.48,2019,9
2293,-1.48,0.37,0.69,-9.84,0.49,-3.21,0.52,-0.42,-1.71,1.9,2019,10
2294,2.06,2.37,1.45,-3.52,4.86,3.18,3.98,8.71,-2.66,2.72,2019,11
2295,2.63,1.82,3.35,19.58,3.41,4.14,2.08,9.82,5.48,3.07,2019,12
3524,200.0,97.0,486.0,172.0,828.0,119.0,392.0,546.0,105.0,1352.0,2008,1
3525,199.0,97.0,482.0,170.0,825.0,117.0,391.0,542.0,105.0,1339.0,2008,2
3526,199.0,97.0,480.0,167.0,819.0,116.0,388.0,536.0,105.0,1327.0,2008,3
3527,198.0,96.0,476.0,166.0,814.0,115.0,384.0,529.0,105.0,1316.0,2008,4
3528,196.0,96.0,473.0,165.0,805.0,114.0,379.0,520.0,105.0,1309.0,2008,5
3529,196.0,96.0,471.0,165.0,799.0,114.0,378.0,517.0,105.0,1299.0,2008,6
3530,205.0,103.0,500.0,181.0,840.0,117.0,382.0,554.0,105.0,1360.0,2008,7
3531,204.0,103.0,497.0,179.0,829.0,116.0,378.0,549.0,105.0,1355.0,2008,8
3532,202.0,103.0,495.0,179.0,817.0,115.0,375.0,544.0,104.0,1346.0,2008,9
3533,200.0,103.0,493.0,179.0,808.0,114.0,369.0,537.0,104.0,1334.0,2008,10
3534,195.0,102.0,490.0,176.0,800.0,113.0,367.0,535.0,104.0,1323.0,2008,11
3535,194.0,102.0,488.0,175.0,794.0,112.0,365.0,527.0,103.0,1313.0,2008,12
3536,192.0,101.0,485.0,175.0,791.0,111.0,362.0,519.0,103.0,1302.0,2009,1
3537,191.0,98.0,482.0,175.0,785.0,110.0,361.0,514.0,102.0,1294.0,2009,2
3538,191.0,96.0,475.0,173.0,780.0,109.0,360.0,506.0,102.0,1284.0,2009,3
3539,190.0,95.0,468.0,172.0,771.0,108.0,358.0,503.0,102.0,1274.0,2009,4
3540,190.0,93.0,465.0,170.0,767.0,108.0,358.0,494.0,102.0,1267.0,2009,5
3541,189.0,91.0,463.0,170.0,757.0,105.0,357.0,487.0,102.0,1261.0,2009,6
3542,190.0,94.0,469.0,173.0,757.0,109.0,358.0,500.0,103.0,1287.0,2009,7
3543,189.0,93.0,467.0,172.0,752.0,109.0,356.0,496.0,103.0,1280.0,2009,8
3544,188.0,92.0,466.0,172.0,752.0,108.0,355.0,491.0,103.0,1271.0,2009,9
3545,188.0,92.0,465.0,171.0,745.0,107.0,353.0,486.0,102.0,1263.0,2009,10
3546,188.0,91.0,462.0,168.0,741.0,102.0,348.0,481.0,102.0,1254.0,2009,11
3547,186.0,91.0,459.0,168.0,737.0,100.0,347.0,476.0,102.0,1244.0,2009,12
3548,186.0,91.0,459.0,168.0,731.0,99.0,344.0,471.0,102.0,1233.0,2010,1
3549,185.0,91.0,456.0,168.0,724.0,98.0,343.0,468.0,102.0,1225.0,2010,2
3550,181.0,91.0,454.0,165.0,721.0,98.0,341.0,462.0,102.0,1219.0,2010,3
3551,181.0,91.0,452.0,164.0,710.0,98.0,341.0,462.0,102.0,1208.0,2010,4
3552,180.0,91.0,450.0,163.0,708.0,97.0,339.0,461.0,102.0,1200.0,2010,5
3553,180.0,91.0,449.0,161.0,708.0,96.0,338.0,459.0,102.0,1192.0,2010,6
3554,185.0,93.0,472.0,172.0,733.0,103.0,349.0,483.0,103.0,1224.0,2010,7
3555,185.0,93.0,470.0,172.0,727.0,102.0,346.0,480.0,103.0,1222.0,2010,8
3556,184.0,92.0,467.0,169.0,722.0,102.0,346.0,477.0,102.0,1219.0,2010,9
3557,184.0,92.0,467.0,168.0,711.0,101.0,344.0,472.0,102.0,1211.0,2010,10
3558,183.0,91.0,463.0,167.0,704.0,101.0,343.0,467.0,102.0,1203.0,2010,11
3559,182.0,91.0,459.0,164.0,694.0,101.0,342.0,460.0,100.0,1191.0,2010,12
3560,182.0,90.0,455.0,164.0,689.0,101.0,341.0,457.0,100.0,1182.0,2011,1
3561,182.0,89.0,454.0,162.0,682.0,101.0,340.0,453.0,98.0,1180.0,2011,2
3562,180.0,86.0,450.0,162.0,679.0,99.0,338.0,450.0,98.0,1174.0,2011,3
3563,178.0,86.0,449.0,161.0,669.0,98.0,336.0,445.0,98.0,1162.0,2011,4
3564,177.0,86.0,446.0,161.0,663.0,98.0,333.0,443.0,98.0,1154.0,2011,5
3565,175.0,86.0,445.0,157.0,656.0,97.0,330.0,433.0,97.0,1144.0,2011,6
3566,174.0,94.0,456.0,165.0,690.0,103.0,337.0,461.0,99.0,1176.0,2011,7
3567,173.0,94.0,455.0,164.0,685.0,103.0,337.0,459.0,99.0,1174.0,2011,8
3568,172.0,94.0,454.0,162.0,682.0,101.0,337.0,457.0,98.0,1169.0,2011,9
3569,171.0,94.0,452.0,162.0,676.0,101.0,336.0,453.0,98.0,1162.0,2011,10
3570,170.0,93.0,448.0,161.0,669.0,101.0,334.0,450.0,97.0,1152.0,2011,11
3571,167.0,93.0,445.0,158.0,665.0,100.0,333.0,448.0,96.0,1144.0,2011,12
3572,167.0,93.0,443.0,157.0,658.0,99.0,331.0,446.0,95.0,1136.0,2012,1
3573,167.0,93.0,442.0,156.0,651.0,99.0,329.0,441.0,95.0,1131.0,2012,2
3574,167.0,93.0,440.0,155.0,647.0,99.0,328.0,438.0,93.0,1126.0,2012,3
3575,166.0,93.0,439.0,155.0,644.0,99.0,326.0,434.0,92.0,1120.0,2012,4
3576,166.0,92.0,437.0,154.0,641.0,99.0,325.0,433.0,91.0,1111.0,2012,5
3577,163.0,92.0,435.0,153.0,640.0,99.0,322.0,429.0,90.0,1104.0,2012,6
3578,167.0,94.0,435.0,165.0,675.0,103.0,331.0,449.0,90.0,1132.0,2012,7
3579,167.0,93.0,434.0,162.0,668.0,103.0,329.0,440.0,90.0,1130.0,2012,8
3580,165.0,93.0,432.0,162.0,666.0,103.0,327.0,436.0,90.0,1120.0,2012,9
3581,164.0,92.0,429.0,158.0,661.0,103.0,323.0,435.0,90.0,1112.0,2012,10
3582,164.0,92.0,427.0,157.0,655.0,101.0,322.0,434.0,90.0,1107.0,2012,11
3583,164.0,91.0,422.0,156.0,647.0,100.0,322.0,428.0,89.0,1100.0,2012,12
3584,162.0,91.0,421.0,156.0,646.0,99.0,319.0,426.0,89.0,1098.0,2013,1
3585,159.0,91.0,420.0,156.0,644.0,98.0,316.0,425.0,89.0,1092.0,2013,2
3586,159.0,90.0,419.0,156.0,639.0,98.0,316.0,421.0,89.0,1086.0,2013,3
3587,159.0,89.0,417.0,154.0,631.0,98.0,313.0,420.0,89.0,1079.0,2013,4
3588,157.0,89.0,415.0,152.0,628.0,97.0,311.0,419.0,89.0,1072.0,2013,5
3589,154.0,89.0,415.0,151.0,624.0,96.0,309.0,415.0,88.0,1066.0,2013,6
3590,158.0,90.0,422.0,156.0,661.0,96.0,324.0,455.0,88.0,1094.0,2013,7
3591,156.0,89.0,420.0,155.0,656.0,95.0,324.0,453.0,88.0,1092.0,2013,8
3592,155.0,88.0,419.0,154.0,651.0,94.0,324.0,452.0,88.0,1088.0,2013,9
3593,154.0,87.0,416.0,153.0,647.0,94.0,322.0,446.0,88.0,1086.0,2013,10
3594,152.0,86.0,415.0,152.0,640.0,94.0,315.0,445.0,88.0,1081.0,2013,11
3595,152.0,86.0,415.0,151.0,636.0,92.0,314.0,444.0,87.0,1077.0,2013,12
3596,152.0,86.0,415.0,151.0,633.0,92.0,312.0,439.0,87.0,1073.0,2014,1
3597,150.0,86.0,408.0,151.0,629.0,92.0,310.0,436.0,87.0,1067.0,2014,2
3598,150.0,85.0,406.0,149.0,629.0,91.0,310.0,435.0,87.0,1064.0,2014,3
3599,149.0,85.0,405.0,148.0,626.0,90.0,309.0,434.0,87.0,1059.0,2014,4
3600,147.0,85.0,402.0,148.0,625.0,90.0,308.0,432.0,87.0,1054.0,2014,5
3601,146.0,85.0,402.0,147.0,621.0,89.0,308.0,431.0,87.0,1050.0,2014,6
3602,152.0,87.0,417.0,165.0,673.0,92.0,325.0,530.0,88.0,1100.0,2014,7
3603,151.0,87.0,417.0,165.0,672.0,92.0,322.0,528.0,87.0,1096.0,2014,8
3604,150.0,87.0,417.0,164.0,670.0,91.0,322.0,525.0,87.0,1092.0,2014,9
3605,149.0,86.0,417.0,162.0,665.0,90.0,320.0,524.0,87.0,1088.0,2014,10
3606,149.0,85.0,416.0,161.0,663.0,89.0,319.0,519.0,87.0,1082.0,2014,11
3607,149.0,84.0,415.0,160.0,656.0,88.0,317.0,518.0,87.0,1078.0,2014,12
3608,148.0,84.0,414.0,159.0,650.0,88.0,315.0,515.0,87.0,1074.0,2015,1
3609,148.0,84.0,411.0,158.0,645.0,88.0,311.0,512.0,87.0,1069.0,2015,2
3610,147.0,84.0,410.0,156.0,641.0,88.0,309.0,509.0,87.0,1063.0,2015,3
3611,147.0,83.0,410.0,156.0,637.0,87.0,309.0,506.0,87.0,1056.0,2015,4
3612,147.0,82.0,410.0,155.0,632.0,87.0,309.0,502.0,87.0,1055.0,2015,5
3613,145.0,82.0,408.0,154.0,627.0,87.0,309.0,501.0,86.0,1049.0,2015,6
3614,143.0,82.0,415.0,154.0,664.0,87.0,323.0,591.0,88.0,1110.0,2015,7
3615,143.0,81.0,413.0,153.0,661.0,87.0,319.0,589.0,88.0,1107.0,2015,8
3616,142.0,81.0,407.0,152.0,658.0,87.0,319.0,587.0,88.0,1103.0,2015,9
3617,141.0,80.0,405.0,150.0,649.0,87.0,318.0,582.0,88.0,1093.0,2015,10
3618,141.0,80.0,404.0,149.0,645.0,87.0,318.0,579.0,88.0,1088.0,2015,11
3619,141.0,80.0,402.0,148.0,642.0,84.0,316.0,576.0,87.0,1077.0,2015,12
3620,140.0,80.0,399.0,140.0,637.0,84.0,314.0,574.0,87.0,1069.0,2016,1
3621,139.0,80.0,397.0,139.0,631.0,84.0,313.0,569.0,87.0,1061.0,2016,2
3622,138.0,80.0,395.0,137.0,628.0,84.0,313.0,569.0,86.0,1052.0,2016,3
3623,136.0,79.0,391.0,136.0,625.0,84.0,310.0,568.0,85.0,1049.0,2016,4
3624,135.0,79.0,390.0,133.0,619.0,80.0,307.0,563.0,85.0,1040.0,2016,5
3625,135.0,78.0,389.0,132.0,614.0,79.0,307.0,561.0,85.0,1035.0,2016,6
3626,140.0,81.0,397.0,131.0,632.0,82.0,314.0,611.0,84.0,1073.0,2016,7
3627,138.0,81.0,396.0,131.0,626.0,82.0,314.0,605.0,84.0,1063.0,2016,8
3628,138.0,81.0,393.0,129.0,619.0,81.0,312.0,600.0,83.0,1054.0,2016,9
3629,136.0,80.0,393.0,129.0,613.0,81.0,311.0,595.0,81.0,1051.0,2016,10
3630,136.0,79.0,392.0,128.0,602.0,81.0,311.0,591.0,81.0,1048.0,2016,11
3631,136.0,79.0,391.0,128.0,597.0,79.0,309.0,588.0,80.0,1040.0,2016,12
3632,136.0,78.0,389.0,128.0,594.0,77.0,309.0,587.0,79.0,1038.0,2017,1
3633,136.0,78.0,388.0,128.0,589.0,76.0,307.0,582.0,78.0,1033.0,2017,2
3634,136.0,77.0,387.0,127.0,586.0,76.0,304.0,577.0,78.0,1027.0,2017,3
3635,135.0,76.0,383.0,125.0,581.0,76.0,304.0,574.0,78.0,1020.0,2017,4
3636,134.0,76.0,381.0,124.0,578.0,76.0,303.0,572.0,78.0,1011.0,2017,5
3637,133.0,75.0,379.0,123.0,574.0,76.0,301.0,570.0,78.0,1002.0,2017,6
3638,138.0,78.0,391.0,144.0,605.0,77.0,307.0,613.0,80.0,1058.0,2017,7
3639,138.0,78.0,391.0,143.0,598.0,76.0,306.0,610.0,79.0,1056.0,2017,8
3640,137.0,78.0,387.0,143.0,591.0,76.0,302.0,608.0,78.0,1051.0,2017,9
3641,137.0,78.0,386.0,142.0,584.0,75.0,302.0,602.0,78.0,1040.0,2017,10
3642,137.0,78.0,385.0,140.0,579.0,72.0,299.0,598.0,78.0,1030.0,2017,11
3643,134.0,78.0,385.0,138.0,576.0,72.0,297.0,593.0,78.0,1020.0,2017,12
3644,132.0,78.0,385.0,138.0,574.0,72.0,295.0,593.0,78.0,1015.0,2018,1
3645,132.0,78.0,382.0,138.0,570.0,71.0,294.0,587.0,78.0,1010.0,2018,2
3646,130.0,77.0,380.0,138.0,569.0,69.0,293.0,584.0,78.0,1007.0,2018,3
3647,128.0,77.0,380.0,134.0,566.0,69.0,291.0,580.0,78.0,999.0,2018,4
3648,128.0,77.0,379.0,133.0,562.0,69.0,290.0,579.0,78.0,997.0,2018,5
3649,126.0,77.0,377.0,133.0,559.0,68.0,289.0,577.0,77.0,992.0,2018,6
3650,134.0,82.0,386.0,142.0,603.0,67.0,290.0,642.0,77.0,1051.0,2018,7
3651,134.0,82.0,385.0,142.0,598.0,67.0,289.0,640.0,77.0,1047.0,2018,8
3652,134.0,82.0,385.0,141.0,596.0,67.0,288.0,638.0,77.0,1044.0,2018,9
3653,132.0,82.0,383.0,139.0,591.0,67.0,285.0,635.0,77.0,1036.0,2018,10
3654,131.0,82.0,379.0,138.0,588.0,67.0,283.0,631.0,76.0,1030.0,2018,11
3655,131.0,81.0,378.0,137.0,580.0,67.0,281.0,628.0,76.0,1026.0,2018,12
3656,131.0,81.0,378.0,136.0,575.0,67.0,279.0,626.0,75.0,1019.0,2019,1
3657,131.0,81.0,378.0,133.0,567.0,67.0,279.0,624.0,74.0,1016.0,2019,2
3658,130.0,81.0,378.0,131.0,562.0,65.0,277.0,621.0,74.0,1011.0,2019,3
3659,130.0,81.0,375.0,131.0,560.0,64.0,274.0,617.0,74.0,1006.0,2019,4
3660,130.0,80.0,374.0,130.0,559.0,64.0,273.0,617.0,74.0,1002.0,2019,5
3661,130.0,80.0,373.0,130.0,557.0,64.0,271.0,614.0,74.0,1001.0,2019,6
3662,135.0,83.0,380.0,141.0,587.0,67.0,281.0,694.0,77.0,1031.0,2019,7
3663,135.0,82.0,379.0,139.0,582.0,67.0,279.0,693.0,77.0,1025.0,2019,8
3664,134.0,81.0,378.0,137.0,577.0,66.0,277.0,692.0,77.0,1019.0,2019,9
3665,133.0,81.0,376.0,135.0,572.0,66.0,275.0,690.0,76.0,1015.0,2019,10
3666,131.0,81.0,375.0,133.0,571.0,66.0,273.0,685.0,76.0,1008.0,2019,11
3667,131.0,81.0,373.0,130.0,567.0,65.0,271.0,681.0,76.0,999.0,2019,12
4698,4980.19,1712.44,3979.1,9025.5,3474.3,7798.67,3211.32,2878.08,6409.52,3320.06,2008,1
4699,4739.91,1618.5,3706.25,8297.57,3052.93,7247.18,3201.81,2755.46,5957.0,3272.85,2008,2
4700,4732.4,1518.41,3741.16,8998.61,2960.41,7022.0,3069.51,2737.38,5753.79,3029.84,2008,3
4701,4791.65,1468.22,3743.43,8783.24,2987.68,7072.17,3153.38,2720.6,5786.45,2986.89,2008,4
4702,4784.71,1564.49,3951.97,9779.8,3215.54,7414.9,3341.63,2757.56,6150.66,3101.72,2008,5
4703,4938.96,1581.68,4063.94,10163.04,3417.9,7760.08,3384.9,2806.92,6345.87,3042.24,2008,6
4704,4402.39,1179.9,3454.86,9533.01,2923.41,6688.58,2920.1,2559.3,6247.94,2484.88,2008,7
4705,4520.05,1175.83,3458.13,8099.06,2927.5,6492.08,2980.28,2752.89,5794.05,2590.94,2008,8
4706,4638.15,1194.91,3514.32,8073.82,3035.78,6804.17,3154.49,2812.95,5756.41,2604.48,2008,9
4707,4436.22,1083.43,3047.96,7093.88,2681.97,5993.06,3007.55,2673.0,5055.13,2458.12,2008,10
4708,3696.94,729.42,2420.78,6005.35,2204.11,5070.94,2559.58,2372.96,4484.8,1975.96,2008,11
4709,3504.76,652.74,2234.75,6023.07,1970.77,5031.03,2371.58,2205.53,4559.57,1732.24,2008,12
4710,3495.49,659.09,2274.81,5873.58,2019.45,5240.63,2502.39,2383.97,4451.67,1730.41,2009,1
4711,3331.03,585.07,2074.97,5665.54,1968.93,4708.55,2313.0,2350.9,4412.11,1428.4,2009,2
4712,3072.04,521.66,1813.79,4987.58,1875.54,4418.35,2244.87,1943.04,3831.42,1224.98,2009,3
4713,3262.26,588.87,1944.17,5211.37,2114.39,4702.14,2476.68,2087.73,3924.19,1392.98,2009,4
4714,3421.01,873.89,2290.52,5508.84,2385.47,5119.55,2710.37,2103.23,3998.07,1625.44,2009,5
4715,3681.4,855.58,2419.89,6051.54,2484.47,5313.01,2687.69,2257.29,4159.98,1748.56,2009,6
4716,3633.05,961.72,2323.9,5535.84,2581.11,5123.39,2643.84,2282.54,4390.88,1807.65,2009,7
4717,3916.64,1162.53,2593.64,5849.07,2808.26,5370.12,2836.53,2423.23,4576.19,1981.75,2009,8
4718,3962.88,1196.38,2669.44,5871.82,2867.01,5455.01,2943.01,2490.37,4560.83,2146.84,2009,9
4719,4104.55,1220.69,2845.22,6201.96,3038.06,5858.17,3027.22,2428.4,4694.3,2219.24,2009,10
4720,4076.08,1225.73,2773.92,6459.91,3002.4,5692.15,3068.25,2259.5,4558.95,2113.52,2009,11
4721,4267.75,1351.03,2994.03,6646.74,3154.84,6169.2,3227.29,2463.69,4740.87,2242.36,2009,12
4722,4359.82,1426.58,3074.76,6609.52,3359.28,6622.17,3311.57,2547.34,5004.44,2267.76,2010,1
4723,4275.2,1419.85,2987.02,6288.79,3117.35,6198.53,3258.39,2560.63,4773.67,2237.31,2010,2
4724,4414.55,1522.95,3136.09,6522.17,3274.93,6363.9,3414.08,2592.61,4726.52,2326.74,2010,3
4725,4647.56,1664.09,3340.81,6728.74,3539.96,6843.39,3619.95,2682.35,4859.56,2534.68,2010,4
4726,4622.07,1784.38,3456.81,7042.35,3627.88,7100.19,3731.07,2627.43,4989.81,2594.43,2010,5
4727,4353.16,1621.01,3164.28,6181.12,3339.87,6741.97,3534.14,2411.48,4651.08,2378.5,2010,6
4728,4207.23,1482.08,2901.96,5613.05,3049.5,6106.74,3074.86,2386.2,4660.56,2354.35,2010,7
4729,4512.97,1714.61,3170.83,6038.57,3293.07,6708.27,3239.03,2447.79,4969.14,2517.05,2010,8
4730,4480.47,1563.49,3008.55,5904.17,3090.46,6569.78,3101.19,2403.98,5004.76,2341.35,2010,9
4731,4727.19,1773.36,3308.25,6482.76,3520.9,7148.65,3485.49,2627.38,5172.58,2546.58,2010,10
4732,4918.35,1944.52,3491.68,6798.46,3779.23,7433.24,3577.18,2698.91,5259.82,2613.5,2010,11
4733,4930.59,2087.34,3562.67,7275.0,3790.19,7286.81,3730.94,2638.77,5249.04,2646.8,2010,12
4734,5116.84,2289.76,3825.41,7955.11,4039.5,7751.31,3853.39,2796.23,5402.32,2906.98,2011,1
4735,4992.7,2322.05,3942.27,8607.2,4236.9,7714.25,3828.61,2793.85,5547.38,2971.06,2011,2
4736,5260.02,2356.24,4104.95,9230.23,4340.62,8436.96,3920.18,2888.52,5654.2,3069.55,2011,3
4737,5446.47,2396.25,4186.11,9477.87,4332.91,8540.25,3978.95,2936.72,5684.06,3062.34,2011,4
4738,5725.83,2448.96,4322.61,9626.99,4497.82,8778.18,4189.99,3133.43,5902.05,3109.38,2011,5
4739,5900.89,2359.1,4229.75,9279.83,4447.85,8918.0,4248.87,3241.34,6013.46,3043.86,2011,6
4740,5718.28,2731.97,4016.85,8877.34,4131.95,8265.04,3996.14,3019.97,6170.29,3000.87,2011,7
4741,5723.55,2487.6,3826.67,8897.5,4135.36,7814.39,3967.88,2915.37,6138.24,2893.61,2011,8
4742,5698.95,2184.27,3587.39,8022.44,3854.15,7468.78,3843.06,2826.7,6179.23,2663.76,2011,9
4743,5424.38,1875.05,3198.82,7031.15,3696.97,7025.38,3693.47,2719.97,6063.76,2377.6,2011,10
4744,5795.65,2335.79,3663.55,8216.58,4170.63,7516.24,4074.9,2874.54,6492.45,2721.65,2011,11
4745,5963.37,2145.52,3716.98,8489.3,4098.3,7596.76,4122.95,2915.11,6564.72,2677.69,2011,12
4746,6053.02,2115.4,3699.37,8509.15,4077.7,7887.58,4171.89,3003.79,6806.48,2727.14,2012,1
4747,6073.11,2399.56,3943.81,8632.09,4455.66,8033.96,4364.3,3132.35,6617.02,2933.81,2012,2
4748,6301.55,2541.29,4105.67,9215.03,4772.8,8418.32,4506.29,3177.23,6670.42,3061.89,2012,3
4749,6555.27,2564.09,4134.03,8908.74,5013.32,8600.05,4645.93,3322.79,6769.12,3223.52,2012,4
4750,6604.48,2366.52,4115.66,8823.77,4908.96,8704.23,4700.4,3346.92,6704.87,3185.93,2012,5
4751,6534.01,2169.84,3796.64,7900.52,4521.45,8628.11,4584.15,3254.29,6673.71,2952.52,2012,6
4752,6433.01,2051.82,3679.7,7654.51,4523.44,8383.21,4446.11,3270.52,6784.56,3010.06,2012,7
4753,6517.35,2081.11,3712.14,8002.7,4561.09,8691.29,4523.97,3352.49,7024.2,2974.95,2012,8
4754,6596.85,2162.09,3841.66,8158.92,4778.91,8770.57,4661.2,3405.35,6738.91,3088.98,2012,9
4755,6654.55,2262.22,3917.05,8642.34,4862.33,9185.5,4800.27,3564.34,6863.63,3222.4,2012,10
4756,6536.38,2391.17,3901.01,8524.3,4591.74,9095.5,4761.87,3497.79,6932.1,3260.4,2012,11
4757,6733.38,2489.5,4038.3,8411.71,4693.93,9184.64,4822.3,3579.12,6679.88,3251.35,2012,12
4758,6587.5,2665.15,4143.69,8517.02,4710.94,9351.89,4786.09,3567.54,6664.92,3363.74,2013,1
4759,7030.38,2753.79,4393.54,9151.69,4834.04,9854.6,5093.07,3857.74,6989.9,3602.53,2013,2
4760,7242.69,2779.26,4449.75,9169.85,4890.58,10075.08,5129.6,3936.55,7106.91,3662.0,2013,3
4761,7577.14,2921.22,4573.27,9474.54,5080.35,10632.25,5410.12,4197.12,7489.9,3833.48,2013,4
4762,7958.2,3027.2,4614.08,9425.64,5122.39,11153.69,5587.63,4296.03,7867.45,3886.07,2013,5
4763,7763.8,3317.18,4764.56,9707.74,5373.95,10899.29,5734.86,4393.37,7342.51,4131.39,2013,6
4764,7490.16,3048.35,4519.61,9061.43,4999.84,10388.14,5389.08,3984.33,7931.94,3997.29,2013,7
4765,7794.29,3355.35,4806.68,9585.05,5320.15,10806.52,5703.47,4316.17,8285.62,4228.29,2013,8
4766,7498.88,3349.81,4719.26,9423.47,5323.98,10554.3,5449.81,4158.37,7880.46,4080.9,2013,9
4767,7652.87,3589.6,4988.96,9664.65,5517.42,10988.32,5721.97,4357.5,7935.94,4238.52,2013,10
4768,8111.31,3638.35,5219.5,10185.79,5783.1,11584.78,6130.29,4518.28,8185.6,4409.72,2013,11
4769,8200.65,3703.6,5359.0,10283.01,5999.94,11818.91,6364.5,4718.27,8032.87,4625.5,2013,12
4770,8368.61,3743.46,5519.02,10589.38,6259.89,12260.8,6402.96,4774.4,8149.74,4777.73,2014,1
4771,7985.07,3601.72,5365.16,9857.49,6205.54,11750.77,6020.21,4864.14,8339.03,4588.26,2014,2
4772,8252.56,3931.51,5669.83,10495.76,6509.65,12162.16,6333.55,5177.47,8555.0,4751.19,2014,3
4773,8528.48,3881.38,5695.4,10816.07,6494.67,12297.14,6305.79,5050.62,8761.15,4857.59,2014,4
4774,8677.64,3887.44,5781.66,11428.0,6423.61,12300.8,6259.47,5045.28,9099.35,4776.27,2014,5
4775,9019.76,3909.93,5838.24,11544.89,6667.25,12941.92,6307.45,5139.13,9055.39,4875.53,2014,6
4776,8848.73,4053.54,5674.46,10829.29,6417.99,13430.31,6179.34,4227.12,9550.14,4673.71,2014,7
4777,8461.55,3858.22,5432.3,10435.25,6438.88,13487.02,6085.21,4205.7,8995.67,4579.64,2014,8
4778,8982.24,4054.5,5681.91,10700.46,6707.62,13668.81,6377.19,4442.48,9435.52,4777.91,2014,9
4779,8985.44,3708.65,5530.37,9978.3,6660.38,13603.49,6318.75,4436.76,9090.86,4729.48,2014,10
4780,9216.97,3846.65,5667.29,9576.19,6774.32,13818.12,6526.85,4738.17,9684.54,4902.63,2014,11
4781,9635.3,4059.79,5793.1,8669.92,7095.4,14298.12,7016.8,4856.74,9670.41,5033.43,2014,12
4782,9425.5,4072.32,5778.52,8764.3,7059.24,13978.02,7137.73,4815.12,9823.36,5101.29,2015,1
4783,9357.32,3887.12,5589.98,8437.31,6843.98,13292.57,7196.53,4905.07,9934.42,4789.28,2015,2
4784,9895.49,4199.9,5934.7,8902.42,7434.03,14470.52,7596.83,4966.6,9452.13,5152.21,2015,3
4785,9606.7,4223.59,5804.36,8672.61,7283.43,14296.75,7635.6,5007.3,9396.63,5143.84,2015,4
4786,9681.08,4081.37,5754.94,9308.89,7431.27,14755.93,7463.32,4925.17,9411.27,5176.05,2015,5
4787,9771.36,4118.75,5820.05,8842.48,7615.05,14795.71,7520.5,5150.26,9365.05,5284.29,2015,6
4788,9242.55,4004.97,5490.39,8462.66,6911.4,14033.35,7087.11,4322.29,9306.44,4977.13,2015,7
4789,9695.35,3928.14,5361.15,7748.02,7095.34,14183.48,7487.31,4471.06,9534.03,5074.74,2015,8
4790,9355.63,3682.35,5120.58,7472.35,6698.42,12990.64,7070.63,4075.49,9101.95,4768.85,2015,9
4791,9320.36,3595.17,4915.31,7130.77,6680.13,12652.87,6955.72,3805.01,9028.12,4645.29,2015,10
4792,9947.52,3830.86,5383.52,8044.21,7398.97,13738.15,7262.59,4078.04,9197.73,4959.74,2015,11
4793,9837.65,3900.84,5405.28,8141.44,7474.17,13923.07,7364.6,4109.71,8905.69,5070.52,2015,12
4794,9941.55,3729.76,5294.63,7770.27,7322.36,13487.48,7422.46,4120.8,8666.81,4925.26,2016,1
4795,10014.21,3214.21,4927.19,7483.39,6878.38,13469.26,7126.49,3721.06,9062.63,4518.25,2016,2
4796,10036.22,3339.8,5103.03,7317.53,6827.64,13593.21,7119.99,3675.03,9201.38,4515.62,2016,3
4797,10638.48,3738.52,5438.53,8167.33,7418.48,14411.68,7581.71,3821.73,9969.67,4838.48,2016,4
4798,10649.49,3786.94,5569.66,9115.71,7149.19,14389.33,7566.13,4043.85,9879.89,4984.66,2016,5
4799,10714.08,3782.55,5540.58,9076.26,7550.95,14506.4,7626.18,4138.3,10055.8,5051.54,2016,6
4800,11591.49,3412.64,5335.46,9535.19,7098.15,15247.77,7327.01,3763.15,10968.22,4626.71,2016,7
4801,11732.41,3705.37,5552.89,9270.94,7698.24,15503.27,7578.64,4028.35,10931.58,4829.39,2016,8
4802,11638.84,3707.31,5582.27,9491.78,7796.53,15174.57,7489.51,3899.42,10541.44,5005.02,2016,9
4803,11472.64,3680.25,5569.55,9753.1,8047.0,15238.84,7459.38,3948.17,10823.67,4946.49,2016,10
4804,11444.96,3584.38,5422.06,9533.95,8052.59,14702.58,7157.65,3671.21,10740.54,4992.51,2016,11
4805,10966.75,3847.87,5763.71,10394.46,8107.72,16007.44,7487.71,3761.28,10512.94,5599.93,2016,12
4806,11312.87,4019.1,5791.77,10591.92,8220.13,17164.19,7448.38,3751.4,10982.01,5764.85,2017,1
4807,11497.37,4126.46,5982.84,10135.73,8651.58,17885.95,7566.75,3846.57,10860.6,5838.15,2017,2
4808,11919.36,4099.12,6232.69,9908.02,9067.39,17875.14,7840.53,4133.25,11245.71,6069.58,2017,3
4809,11979.66,4132.33,6266.04,9927.33,9328.62,18025.48,7891.09,4148.2,11252.15,5995.36,2017,4
4810,12121.14,4200.1,6400.59,9730.43,9612.4,17974.9,8124.58,4196.81,11277.36,6054.4,2017,5
4811,12456.48,4234.84,6478.16,9394.67,9976.86,17717.06,8273.33,4189.61,11497.9,6055.84,2017,6
4812,10945.95,4655.24,6335.57,8432.51,9202.05,16663.25,7708.46,4156.3,11326.84,6044.89,2017,7
4813,10924.33,4591.44,6463.01,8610.72,9645.66,17656.84,7696.22,4198.83,11798.44,6132.85,2017,8
4814,10733.84,4584.26,6128.14,8124.77,10028.96,17214.22,7614.19,4310.39,12150.69,6104.46,2017,9
4815,10650.41,4817.4,6396.54,9064.61,10200.03,17144.75,7794.61,4414.79,11881.91,6434.16,2017,10
4816,10651.11,4866.62,6581.84,9193.32,10983.35,16510.9,8067.64,4339.69,12230.21,6622.39,2017,11
4817,11292.38,4828.46,6795.4,9548.17,11132.61,17176.45,8755.4,4433.31,12469.85,6926.32,2017,12
4818,11642.08,4771.36,6943.68,10020.21,11147.32,17924.38,9008.68,4422.46,11820.13,7048.12,2018,1
4819,11860.28,4882.94,7276.66,10299.55,12093.17,18629.08,9875.89,4742.4,11476.07,7478.41,2018,2
4820,11250.47,4639.54,7001.48,9140.33,12083.27,17672.78,9422.42,4553.83,10904.89,7232.6,2018,3
4821,11175.03,4363.34,6836.3,9673.88,11732.99,17211.3,9232.16,4468.48,11212.96,7085.38,2018,4
4822,10722.43,4351.39,6610.02,10721.6,11768.18,16721.29,9622.13,4457.35,11510.55,7138.15,2018,5
4823,10360.36,4473.17,6772.75,11029.75,12606.16,15668.02,9718.04,4566.05,11541.65,7253.19,2018,6
4824,9941.41,4193.87,6789.53,10425.75,11914.16,17552.79,9783.5,4241.96,12326.0,6758.57,2018,7
4825,10220.09,4117.49,7152.28,10535.42,12295.85,17904.85,10126.58,4499.45,12521.8,7035.32,2018,8
4826,10087.4,4081.25,7109.43,10256.8,13204.84,18414.18,10955.2,4706.94,12581.68,7198.08,2018,9
4827,10195.38,3911.63,7108.81,10577.43,13282.62,18732.76,11114.66,4814.64,12473.64,7131.81,2018,10
4828,10242.16,3791.37,6388.73,9379.77,12141.5,18547.55,10203.27,4407.25,12525.33,6612.71,2018,11
4829,10261.46,4036.06,6681.56,9188.12,12058.71,19005.24,10319.42,4699.31,12877.56,6804.94,2018,12
4830,9059.2,3559.55,6089.34,8040.78,11152.08,17316.72,9437.68,4314.54,12299.62,6087.78,2019,1
4831,9713.73,3925.96,6672.1,9029.39,12331.74,18166.06,10205.06,4535.67,13041.82,6689.74,2019,2
4832,9903.33,4066.58,7000.3,9329.7,13129.55,17860.25,10327.78,4699.77,13444.66,6901.07,2019,3
4833,10213.56,3839.58,6971.62,9507.44,13648.66,18212.17,10782.59,4748.76,13856.52,6822.01,2019,4
4834,10527.28,4007.31,7263.16,9599.48,14448.44,19195.68,11315.71,4593.79,13976.09,7294.48,2019,5
4835,9923.17,3501.9,6584.27,8400.2,13250.42,18613.69,10689.04,4448.52,13700.42,6835.52,2019,6
4836,10452.26,3815.45,6817.8,8586.74,13270.88,19612.99,10919.97,4254.33,14251.49,7033.58,2019,7
4837,10626.38,3893.35,6889.37,8209.51,13819.37,19884.19,11087.98,4163.29,14083.31,7194.35,2019,8
4838,10532.41,3739.54,6770.17,7543.64,13551.05,20174.5,11161.97,4133.32,14504.09,6857.64,2019,9
4839,10752.04,3868.83,7045.85,7923.48,13805.83,20418.36,11330.59,4097.05,15217.89,7010.86,2019,10
4840,10906.54,4137.19,7056.67,7870.53,14264.18,20749.56,11493.91,4197.48,14986.94,7267.68,2019,11
4841,11115.25,4242.41,7310.0,8077.58,15086.83,21433.05,11810.35,4440.09,14603.42,7651.44,2019,12
