,Cnsmr,Manuf,HiTec,Hlth ,Other,Year,Month
774,6.93,2.31,7.07,4.55,7.47,1991,1
775,9.54,6.32,4.95,9.9,9.74,1991,2
776,5.84,1.43,1.7,5.44,3.07,1991,3
777,0.02,0.91,-0.95,-1.14,1.34,1991,4
778,6.38,3.55,1.07,4.7,4.99,1991,5
779,-4.63,-3.71,-5.29,-4.21,-5.24,1991,6
780,4.89,3.8,3.89,8.51,4.73,1991,7
781,3.91,2.16,1.78,2.94,3.19,1991,8
782,-3.15,-0.57,-0.5,-0.33,-0.65,1991,9
783,-1.26,1.56,1.95,6.53,2.27,1991,10
784,-1.47,-4.39,-4.56,-2.52,-5.41,1991,11
785,13.39,7.64,9.53,16.61,12.75,1991,12
786,-0.56,-0.82,2.0,-5.45,2.0,1992,1
787,2.78,0.79,1.38,-2.73,3.08,1992,2
788,-1.21,-1.37,-3.2,-5.53,-2.16,1992,3
789,-0.18,4.37,2.71,-2.3,0.58,1992,4
790,0.52,0.94,-1.18,1.11,1.48,1992,5
791,-1.88,-2.46,-1.56,-4.78,-0.05,1992,6
792,3.79,4.36,4.17,5.8,3.11,1992,7
793,-0.93,-1.41,-2.77,-3.36,-3.47,1992,8
794,2.16,1.17,2.65,-4.98,3.43,1992,9
795,1.36,-0.42,0.79,3.34,2.97,1992,10
796,5.57,1.43,5.15,4.84,6.12,1992,11
797,0.66,1.82,2.75,-1.35,3.82,1992,12
798,0.71,1.25,3.1,-6.86,3.37,1993,1
799,-1.64,3.75,2.63,-9.0,0.37,1993,2
800,1.82,2.51,2.75,0.73,3.79,1993,3
801,-7.34,0.24,-3.3,1.29,-3.27,1993,4
802,3.81,1.63,6.46,3.59,1.64,1993,5
803,-1.06,0.36,2.09,-2.96,2.29,1993,6
804,-0.49,0.54,-0.88,-5.99,2.06,1993,7
805,3.56,3.69,5.83,3.02,3.46,1993,8
806,-0.79,-0.84,0.4,0.86,1.79,1993,9
807,5.75,0.65,2.02,5.92,-2.36,1993,10
808,0.64,-2.01,-3.03,0.97,-2.83,1993,11
809,0.51,2.56,1.25,2.33,2.53,1993,12
810,1.41,3.45,3.47,1.81,4.37,1994,1
811,-0.5,-2.11,-1.75,-5.6,-3.87,1994,2
812,-4.76,-4.15,-3.77,-6.74,-4.23,1994,3
813,0.52,1.4,-0.15,2.27,1.35,1994,4
814,-1.75,0.18,1.83,4.28,3.04,1994,5
815,-2.44,-2.73,-2.53,-3.43,-2.56,1994,6
816,2.19,4.4,3.49,1.1,2.7,1994,7
817,4.43,2.83,5.41,10.85,3.51,1994,8
818,-1.9,-1.98,-0.78,1.72,-4.25,1994,9
819,1.25,2.27,3.98,0.88,0.05,1994,10
820,-2.89,-4.22,-3.54,0.44,-5.17,1994,11
821,-0.05,2.13,1.79,0.57,1.41,1994,12
822,0.62,1.06,1.25,6.18,4.71,1995,1
823,3.14,4.37,4.52,2.26,4.85,1995,2
824,2.93,2.85,2.77,2.8,1.9,1995,3
825,0.33,2.68,5.59,3.0,1.77,1995,4
826,3.91,3.92,2.22,1.63,4.49,1995,5
827,2.86,0.44,7.59,4.5,2.21,1995,6
828,2.42,2.55,6.86,5.52,4.76,1995,7
829,-0.74,-0.29,1.54,1.04,3.73,1995,8
830,3.88,2.73,2.99,7.37,4.5,1995,9
831,-2.8,-1.35,0.93,1.04,-2.04,1995,10
832,5.32,5.14,0.62,4.99,6.12,1995,11
833,0.85,3.07,-1.14,5.92,1.06,1995,12
834,1.62,2.19,2.03,6.02,3.54,1996,1
835,3.47,0.27,2.99,-1.1,2.15,1996,2
836,2.69,3.03,-2.89,0.24,1.8,1996,3
837,2.38,1.3,7.4,-0.61,0.25,1996,4
838,4.92,1.71,2.54,3.89,1.51,1996,5
839,-0.18,0.86,-3.03,-0.24,-0.25,1996,6
840,-5.54,-4.46,-7.77,-6.28,-4.26,1996,7
841,2.47,3.12,2.5,4.32,3.9,1996,8
842,3.31,4.68,7.82,7.36,5.15,1996,9
843,0.36,2.92,-1.49,-0.85,3.95,1996,10
844,4.47,5.36,9.98,6.61,7.48,1996,11
845,-1.55,-0.04,-1.09,-2.59,-1.83,1996,12
846,3.11,3.69,7.28,9.54,6.05,1997,1
847,3.14,-1.03,-4.61,0.93,2.6,1997,2
848,-3.46,-1.5,-6.33,-7.48,-5.83,1997,3
849,3.93,3.04,6.19,6.11,5.07,1997,4
850,5.99,7.1,9.18,6.99,6.14,1997,5
851,4.12,3.98,1.98,8.88,5.25,1997,6
852,5.69,6.66,12.09,2.1,9.28,1997,7
853,-3.78,-3.55,-1.71,-6.11,-4.78,1997,8
854,5.37,4.26,5.02,6.62,8.04,1997,9
855,-2.74,-3.98,-5.38,0.1,-2.76,1997,10
856,4.91,2.63,4.07,2.82,2.97,1997,11
857,2.11,0.73,-1.67,3.53,5.14,1997,12
858,-0.81,-1.63,5.2,5.68,-1.93,1998,1
859,8.21,6.38,7.82,5.51,8.25,1998,2
860,6.21,5.1,3.98,3.57,5.96,1998,3
861,-1.49,1.25,2.48,1.91,1.96,1998,4
862,2.43,-2.65,-5.44,-2.5,-3.07,1998,5
863,4.14,-0.29,6.98,6.17,3.22,1998,6
864,-3.23,-5.89,1.52,-0.26,-1.86,1998,7
865,-14.36,-10.86,-15.8,-12.35,-21.46,1998,8
866,1.32,4.74,13.55,12.04,2.78,1998,9
867,10.86,6.4,6.45,3.87,9.02,1998,10
868,7.72,2.48,9.17,6.19,6.11,1998,11
869,4.91,1.64,14.95,5.0,3.45,1998,12
870,0.25,-1.9,13.29,0.22,0.95,1999,1
871,-2.74,-2.52,-9.06,0.18,0.02,1999,2
872,0.56,5.76,5.64,2.52,2.44,1999,3
873,2.75,10.44,3.79,-5.53,6.69,1999,4
874,-1.57,-1.71,-0.25,-2.03,-3.91,1999,5
875,4.25,1.73,9.99,4.49,3.01,1999,6
876,-4.16,-0.45,-1.76,-4.43,-5.95,1999,7
877,-4.72,0.16,1.74,3.71,-5.08,1999,8
878,-2.89,-3.5,0.9,-7.07,-4.52,1999,9
879,4.55,3.62,4.42,10.77,11.54,1999,10
880,1.54,-0.89,10.59,1.51,-2.48,1999,11
881,2.9,6.64,16.45,-5.65,1.37,1999,12
882,-7.92,-4.93,-4.89,7.59,-4.77,2000,1
883,-5.23,-4.63,13.22,-2.75,-7.38,2000,2
884,10.98,8.13,4.83,0.16,14.39,2000,3
885,-2.21,1.53,-9.96,5.26,-2.85,2000,4
886,-0.6,1.25,-10.76,3.96,3.36,2000,5
887,-1.32,-2.53,11.06,11.55,-3.11,2000,6
888,0.02,-0.87,-5.6,-6.47,5.34,2000,7
889,-1.51,8.48,10.18,3.46,9.24,2000,8
890,2.28,-0.36,-12.99,3.71,0.25,2000,9
891,1.86,0.69,-6.2,2.08,-1.29,2000,10
892,-0.73,-1.86,-21.71,0.75,-6.02,2000,11
893,5.08,7.09,-7.29,3.51,7.13,2000,12
894,3.84,-3.42,15.69,-8.51,0.07,2001,1
895,-3.06,-1.15,-22.72,-0.55,-4.3,2001,2
896,-3.56,-3.12,-11.93,-8.57,-4.51,2001,3
897,4.23,7.89,14.1,4.23,6.09,2001,4
898,1.9,1.21,-2.8,2.81,3.63,2001,5
899,-1.61,-5.74,0.36,-3.07,-0.08,2001,6
900,2.78,-1.14,-5.77,2.31,-2.2,2001,7
901,-4.17,-1.95,-11.76,-3.09,-5.35,2001,8
902,-7.77,-9.57,-14.34,-0.6,-8.0,2001,9
903,1.41,3.7,7.8,1.24,-0.97,2001,10
904,7.36,2.93,13.25,5.03,7.3,2001,11
905,3.07,3.76,0.14,-2.82,3.67,2001,12
906,2.24,-0.77,-2.11,-2.41,-1.68,2002,1
907,1.64,3.8,-10.51,-0.46,-0.25,2002,2
908,3.15,6.63,4.83,0.54,5.18,2002,3
909,0.12,-2.08,-12.06,-7.52,-2.82,2002,4
910,-0.35,-1.65,-2.03,-2.27,-0.52,2002,5
911,-5.63,-2.76,-12.62,-9.68,-5.16,2002,6
912,-9.68,-10.07,-10.29,-2.57,-6.38,2002,7
913,1.9,0.05,-0.65,0.63,1.14,2002,8
914,-8.86,-8.72,-14.75,-5.88,-10.6,2002,9
915,4.82,2.87,20.16,5.67,6.37,2002,10
916,1.4,4.59,15.0,3.78,4.21,2002,11
917,-4.38,-1.31,-11.97,-4.07,-4.79,2002,12
918,-4.32,-3.51,-2.19,-0.61,-2.38,2003,1
919,-2.16,-1.36,-0.95,-1.96,-2.7,2003,2
920,1.24,1.85,-0.88,3.79,1.04,2003,3
921,7.61,4.55,9.78,4.39,11.63,2003,4
922,5.7,6.67,8.89,3.94,5.23,2003,5
923,2.7,0.13,0.75,4.15,0.91,2003,6
924,1.61,0.99,3.56,0.48,3.59,2003,7
925,4.44,4.31,4.8,-2.82,0.64,2003,8
926,-2.5,-2.06,-2.09,0.29,0.26,2003,9
927,7.75,5.6,7.93,0.87,6.34,2003,10
928,1.83,1.5,1.25,1.83,1.15,2003,11
929,0.93,8.4,3.43,5.65,4.27,2003,12
930,0.18,0.01,3.76,3.09,2.9,2004,1
931,4.92,2.7,-2.35,0.9,2.13,2004,2
932,0.04,0.03,-2.4,-3.92,-0.64,2004,3
933,-0.81,0.09,-3.83,3.52,-3.81,2004,4
934,-0.68,1.27,2.88,-0.41,1.73,2004,5
935,1.02,4.84,2.23,-0.5,1.32,2004,6
936,-4.81,-1.12,-6.71,-5.92,-2.35,2004,7
937,-0.56,0.9,-3.07,1.64,1.88,2004,8
938,0.87,3.85,2.92,-1.4,1.11,2004,9
939,2.46,0.13,4.73,-2.44,1.1,2004,10
940,4.29,6.62,5.23,0.68,4.72,2004,11
941,4.08,1.02,3.38,5.66,4.43,2004,12
942,-1.09,0.26,-5.83,-4.08,-2.18,2005,1
943,0.7,8.5,-0.04,2.44,0.15,2005,2
944,-0.91,-1.78,-1.96,-0.47,-2.37,2005,3
945,-4.1,-3.86,-3.86,3.95,-1.6,2005,4
946,5.03,2.41,6.53,1.48,3.24,2005,5
947,0.88,2.26,-1.21,-0.59,1.42,2005,6
948,4.58,5.42,5.41,3.72,2.42,2005,7
949,-3.33,1.47,-0.56,-0.31,-1.68,2005,8
950,-1.29,3.71,0.17,-1.92,1.28,2005,9
951,-0.21,-6.11,-2.05,-3.27,1.36,2005,10
952,2.76,2.81,5.64,1.58,4.93,2005,11
953,-0.28,1.07,-1.86,2.39,0.12,2005,12
954,1.54,7.34,4.03,2.17,1.59,2006,1
955,1.23,-2.43,-0.1,1.07,0.97,2006,2
956,2.04,2.21,2.64,-0.96,1.86,2006,3
957,-0.43,3.91,-0.55,-1.96,2.13,2006,4
958,-0.36,-2.62,-5.51,-2.18,-3.25,2006,5
959,0.4,1.09,-0.48,-0.12,-0.37,2006,6
960,-1.4,0.82,-2.3,4.14,-0.9,2006,7
961,2.55,0.19,6.13,2.33,1.72,2006,8
962,3.19,-0.8,3.59,1.53,3.23,2006,9
963,3.61,4.84,4.33,1.71,2.98,2006,10
964,-0.08,5.15,2.43,0.06,1.61,2006,11
965,1.49,-0.3,0.3,0.15,3.21,2006,12
966,2.79,1.16,2.23,3.5,1.05,2007,1
967,-0.93,0.41,-2.45,-2.85,-2.28,2007,2
968,1.31,3.51,1.2,-0.25,-0.24,2007,3
969,3.07,4.57,4.14,6.8,3.3,2007,4
970,2.62,4.92,4.71,1.14,3.18,2007,5
971,-1.34,-0.87,-0.03,-3.4,-2.74,2007,6
972,-4.95,-1.03,-1.63,-3.99,-5.33,2007,7
973,1.39,0.73,1.88,2.27,1.17,2007,8
974,1.3,5.98,3.63,3.53,2.66,2007,9
975,1.55,2.55,4.42,1.54,0.2,2007,10
976,-2.32,-2.96,-7.26,0.03,-5.98,2007,11
977,-1.96,3.37,1.06,-3.98,-3.47,2007,12
978,-2.76,-7.96,-11.24,-4.6,-2.08,2008,1
979,-2.9,2.39,-3.65,-0.93,-7.87,2008,2
980,1.2,-1.05,0.48,-1.77,-1.92,2008,3
981,2.6,7.4,6.02,0.44,3.47,2008,4
982,2.04,3.71,5.44,1.63,-2.35,2008,5
983,-8.54,-3.14,-9.34,-3.01,-14.64,2008,6
984,1.53,-7.84,-1.17,6.73,4.3,2008,7
985,3.62,0.57,2.77,1.8,0.41,2008,8
986,-4.77,-12.71,-12.48,-5.96,-6.0,2008,9
987,-15.2,-17.64,-17.66,-11.03,-19.8,2008,10
988,-6.88,-3.1,-8.61,-7.35,-12.4,2008,11
989,3.0,-0.77,2.51,6.74,0.76,2008,12
990,-6.84,-5.44,-5.11,-2.21,-17.81,2009,1
991,-5.32,-12.91,-5.53,-9.95,-14.53,2009,2
992,8.59,5.23,10.51,7.06,13.01,2009,3
993,9.0,9.36,11.65,-0.9,16.17,2009,4
994,2.03,7.24,2.57,6.2,7.23,2009,5
995,0.29,-1.88,3.88,3.59,-2.02,2009,6
996,7.66,7.78,7.54,5.49,9.16,2009,7
997,2.45,1.68,1.94,2.21,7.7,2009,8
998,3.1,5.24,5.49,2.39,3.14,2009,9
999,-0.25,-0.86,-1.95,-3.72,-5.38,2009,10
1000,4.86,5.44,5.2,8.23,5.66,2009,11
1001,2.44,2.09,6.08,2.47,0.73,2009,12
1002,-1.97,-4.07,-7.6,-0.02,-0.54,2010,1
1003,3.86,3.32,4.37,0.38,3.64,2010,2
1004,6.32,4.78,6.89,3.63,8.1,2010,3
1005,1.52,3.44,2.52,-2.18,1.83,2010,4
1006,-5.76,-8.74,-7.37,-8.06,-8.76,2010,5
1007,-6.53,-5.15,-5.67,-1.67,-6.52,2010,6
1008,6.46,8.5,7.8,2.14,6.81,2010,7
1009,-3.3,-3.8,-5.52,-1.66,-7.1,2010,8
1010,9.82,8.66,11.48,9.01,8.51,2010,9
1011,3.61,4.4,6.0,1.98,2.03,2010,10
1012,2.76,2.39,-0.99,-3.34,0.5,2010,11
1013,4.08,7.27,6.12,5.44,9.23,2010,12
1014,-1.34,4.3,3.08,-0.72,2.1,2011,1
1015,2.84,4.85,3.47,3.32,2.94,2011,2
1016,1.89,1.82,-0.76,2.29,-1.08,2011,3
1017,4.36,2.58,3.17,6.34,1.06,2011,4
1018,0.97,-2.57,-1.18,1.95,-2.64,2011,5
1019,-0.98,-1.21,-2.21,-1.88,-2.12,2011,6
1020,-1.38,-2.11,-1.54,-3.66,-3.66,2011,7
1021,-2.87,-6.62,-6.41,-3.16,-8.15,2011,8
1022,-5.13,-9.86,-5.02,-3.95,-11.1,2011,9
1023,9.41,13.48,10.87,5.54,13.59,2011,10
1024,0.44,1.6,-1.51,1.3,-2.03,2011,11
1025,1.12,0.02,-0.43,3.51,1.46,2011,12
1026,3.35,2.95,7.11,3.41,7.23,2012,1
1027,3.67,4.38,6.25,1.26,4.21,2012,2
1028,4.05,-0.66,4.16,3.94,4.9,2012,3
1029,0.24,-0.63,-1.31,0.61,-1.66,2012,4
1030,-3.29,-7.67,-6.34,-3.25,-7.73,2012,5
1031,2.09,3.21,3.86,6.83,4.89,2012,6
1032,1.23,2.06,0.83,1.63,-1.23,2012,7
1033,1.81,1.74,3.93,0.98,3.12,2012,8
1034,1.66,2.53,2.04,4.69,3.79,2012,9
1035,-0.78,-0.8,-5.44,-1.91,0.91,2012,10
1036,2.26,0.02,1.14,1.5,-0.37,2012,11
1037,-0.9,1.8,0.54,-0.53,3.67,2012,12
1038,5.22,6.4,2.96,8.08,6.76,2013,1
1039,1.66,1.21,1.05,1.32,1.41,2013,2
1040,4.79,2.91,3.42,6.51,4.18,2013,3
1041,3.19,0.7,1.36,2.6,0.83,2013,4
1042,1.12,1.49,2.95,1.62,5.92,2013,5
1043,-0.03,-1.69,-1.73,-1.37,-1.19,2013,6
1044,5.05,5.54,5.17,8.08,5.69,2013,7
1045,-3.84,-2.3,-0.91,-3.68,-3.64,2013,8
1046,3.77,3.36,3.93,4.16,3.83,2013,9
1047,4.6,4.42,4.25,3.56,3.9,2013,10
1048,2.67,1.41,2.79,4.49,4.79,2013,11
1049,1.12,2.88,3.98,0.62,3.1,2013,12
1050,-5.95,-4.1,-1.93,1.88,-4.37,2014,1
1051,4.91,5.1,4.58,6.48,3.49,2014,2
1052,0.71,1.45,-0.45,-2.56,1.98,2014,3
1053,0.06,3.04,-0.74,-0.41,-1.97,2014,4
1054,1.85,0.89,3.54,1.87,1.86,2014,5
1055,1.53,3.0,2.59,2.9,2.45,2014,6
1056,-3.24,-4.31,0.36,-0.3,-2.27,2014,7
1057,5.22,3.99,3.36,5.54,4.12,2014,8
1058,-1.71,-4.55,-1.37,-0.22,-1.13,2014,9
1059,2.97,0.85,1.43,5.9,3.44,2014,10
1060,6.3,-1.95,3.9,2.52,2.49,2014,11
1061,0.08,0.44,-1.38,-0.82,1.17,2014,12
1062,-0.71,-3.0,-3.69,1.59,-6.36,2015,1
1063,5.62,3.7,8.39,4.24,7.21,2015,2
1064,-0.5,-1.88,-2.39,0.76,-0.59,2015,3
1065,-1.05,1.66,1.9,-1.42,0.62,2015,4
1066,1.14,-1.22,1.64,4.91,1.74,2015,5
1067,-0.92,-3.1,-2.93,0.16,0.03,2015,6
1068,4.34,-3.22,2.21,3.49,1.82,2015,7
1069,-5.0,-4.76,-6.33,-8.37,-6.18,2015,8
1070,-1.48,-3.93,-1.69,-6.95,-3.06,2015,9
1071,5.47,8.67,9.96,7.5,6.6,2015,10
1072,0.35,-0.14,0.59,0.57,1.38,2015,11
1073,0.14,-4.58,-2.7,0.29,-2.67,2015,12
1074,-3.3,-3.36,-4.85,-10.13,-8.77,2016,1
1075,0.52,1.28,-0.48,-0.98,-0.43,2016,2
1076,5.81,8.15,7.89,3.96,7.16,2016,3
1077,-0.15,3.54,-3.12,4.95,2.39,2016,4
1078,0.73,0.01,4.08,2.41,1.2,2016,5
1079,1.76,2.71,-0.71,-0.16,-3.07,2016,6
1080,2.48,1.16,6.46,6.16,3.75,2016,7
1081,-1.0,0.4,0.76,-3.14,3.3,2016,8
1082,-1.42,1.13,1.93,0.58,-1.1,2016,9
1083,-2.53,-2.3,-1.52,-7.52,0.74,2016,10
1084,1.44,5.4,1.79,2.4,11.64,2016,11
1085,1.32,1.53,1.77,0.72,2.97,2016,12
1086,1.42,0.6,4.32,2.03,0.95,2017,1
1087,3.0,2.21,3.85,7.0,3.68,2017,2
1088,0.8,-0.19,1.86,0.04,-1.66,2017,3
1089,1.82,0.3,2.12,0.91,0.3,2017,4
1090,2.08,0.27,3.12,-0.26,-0.52,2017,5
1091,-1.22,0.24,-2.12,5.54,4.41,2017,6
1092,-0.06,2.31,3.97,0.7,1.36,2017,7
1093,-1.54,-0.72,1.98,2.59,-0.64,2017,8
1094,1.66,4.65,0.29,2.09,4.57,2017,9
1095,1.7,2.2,4.72,-2.26,2.08,2017,10
1096,5.9,3.11,1.52,2.46,3.91,2017,11
1097,2.02,1.58,0.59,-0.15,1.41,2017,12
1098,6.35,2.46,7.06,6.38,5.78,2018,1
1099,-5.26,-6.0,-1.21,-3.49,-3.28,2018,2
1100,-2.31,0.11,-3.07,-2.41,-2.63,2018,3
1101,1.09,1.38,-0.53,-0.04,0.62,2018,4
1102,0.59,2.36,5.67,2.37,1.34,2018,5
1103,3.31,0.11,0.5,1.48,-0.97,2018,6
1104,2.75,3.36,2.49,5.92,3.81,2018,7
1105,4.68,-0.83,6.59,4.5,2.27,2018,8
1106,0.32,1.53,0.12,2.08,-1.45,2018,9
1107,-6.01,-8.65,-7.62,-8.79,-6.74,2018,10
1108,2.08,2.47,-0.93,6.42,2.81,2018,11
1109,-9.88,-9.06,-8.23,-8.25,-10.94,2018,12
1110,8.1,8.96,8.7,5.32,9.8,2019,1
1111,1.09,4.16,5.39,3.3,2.96,2019,2
1112,2.85,0.72,3.32,0.5,-1.47,2019,3
1113,4.11,2.43,5.87,-3.16,6.63,2019,4
1114,-6.35,-8.25,-7.72,-3.4,-6.17,2019,5
1115,6.88,7.27,7.63,6.83,6.64,2019,6
1116,1.17,-0.39,3.26,-2.18,1.86,2019,7
1117,-0.64,-2.21,-2.17,-0.64,-4.69,2019,8
1118,1.34,3.83,1.18,-0.98,2.06,2019,9
1119,0.98,-0.74,3.04,4.68,3.11,2019,10
1120,2.2,1.55,4.83,5.61,5.07,2019,11
1121,2.24,3.02,3.39,3.46,2.41,2019,12
1948,9.62,5.33,14.77,13.57,7.31,1991,1
1949,12.52,10.4,13.95,21.35,15.05,1991,2
1950,8.69,4.4,11.18,15.84,7.21,1991,3
1951,2.35,1.83,5.73,4.23,3.02,1991,4
1952,4.4,2.86,1.07,6.14,2.69,1991,5
1953,-2.31,-3.47,-5.83,-4.34,-2.98,1991,6
1954,2.29,4.14,3.53,7.79,2.96,1991,7
1955,3.08,2.37,3.98,6.28,2.55,1991,8
1956,0.6,0.01,1.91,7.54,-0.77,1991,9
1957,1.15,2.09,3.43,10.53,1.33,1991,10
1958,-2.96,-1.89,-3.89,-0.44,-2.62,1991,11
1959,3.64,2.01,3.64,10.89,3.66,1991,12
1960,13.35,9.66,19.47,24.79,18.4,1992,1
1961,7.01,4.08,7.6,-1.07,6.94,1992,2
1962,-0.16,-0.29,-1.92,-7.11,-0.18,1992,3
1963,-4.37,-1.61,-5.07,-11.47,-1.09,1992,4
1964,-1.19,1.39,-1.35,-1.29,2.28,1992,5
1965,-4.44,-3.8,-6.76,-6.17,-2.18,1992,6
1966,2.19,2.57,1.54,3.69,3.7,1992,7
1967,-2.03,-2.32,-4.3,-3.92,-2.23,1992,8
1968,1.59,1.96,1.86,-1.5,1.5,1992,9
1969,3.16,0.78,3.75,3.86,1.29,1992,10
1970,8.52,4.88,10.42,12.35,5.73,1992,11
1971,3.36,2.66,4.83,0.97,5.27,1992,12
1972,6.2,6.01,7.21,3.2,9.19,1993,1
1973,-2.55,2.52,-2.21,-12.8,0.75,1993,2
1974,3.39,3.43,1.62,-0.06,3.76,1993,3
1975,-2.59,-0.42,-3.42,-4.09,-0.86,1993,4
1976,4.69,3.7,6.84,6.36,1.9,1993,5
1977,0.26,1.52,3.17,0.0,1.31,1993,6
1978,0.5,1.19,1.32,-2.58,3.1,1993,7
1979,2.76,4.64,6.77,1.93,3.6,1993,8
1980,2.44,0.8,3.82,4.39,3.43,1993,9
1981,4.26,2.29,5.9,6.9,3.34,1993,10
1982,-0.91,-3.09,-2.06,-4.45,-2.71,1993,11
1983,0.85,1.79,1.1,-0.76,1.5,1993,12
1984,2.47,5.45,5.69,6.4,5.29,1994,1
1985,-0.3,0.43,0.26,-2.88,-1.41,1994,2
1986,-3.83,-4.04,-4.87,-6.83,-3.57,1994,3
1987,-1.73,0.39,-2.14,-4.49,-0.61,1994,4
1988,-1.97,0.01,-1.0,-0.23,1.36,1994,5
1989,-3.7,-1.48,-5.05,-5.22,-0.9,1994,6
1990,0.86,2.64,2.54,-0.44,1.01,1994,7
1991,4.17,2.85,5.92,6.97,2.46,1994,8
1992,0.11,0.68,3.09,1.11,-0.23,1994,9
1993,-0.2,0.45,4.07,-1.51,-1.73,1994,10
1994,-4.45,-4.98,-2.87,-2.64,-5.24,1994,11
1995,-3.69,-0.18,0.93,-4.15,-0.57,1994,12
1996,1.61,1.22,3.84,7.27,4.07,1995,1
1997,2.31,2.88,4.56,2.71,3.26,1995,2
1998,0.37,1.45,3.8,3.19,1.53,1995,3
1999,1.21,2.31,4.04,2.13,2.27,1995,4
2000,-0.27,2.47,2.46,3.95,2.22,1995,5
2001,3.54,2.8,10.76,9.83,4.25,1995,6
2002,4.61,4.26,9.65,9.77,4.92,1995,7
2003,1.69,1.49,4.37,7.88,4.47,1995,8
2004,1.82,1.42,4.12,5.69,2.68,1995,9
2005,-6.27,-4.81,-5.64,-6.37,-1.89,1995,10
2006,0.58,1.59,2.44,1.23,2.0,1995,11
2007,-1.86,1.23,-0.99,7.18,1.33,1995,12
2008,1.58,2.74,0.25,9.68,3.22,1996,1
2009,3.63,2.5,7.02,5.16,2.34,1996,2
2010,5.0,2.68,0.84,3.35,2.64,1996,3
2011,5.4,5.89,12.12,7.29,2.69,1996,4
2012,8.41,4.91,10.86,7.37,4.67,1996,5
2013,-2.98,-1.63,-7.65,-6.5,-0.77,1996,6
2014,-8.56,-6.7,-13.64,-14.6,-5.34,1996,7
2015,4.4,3.84,4.91,5.41,4.51,1996,8
2016,1.53,3.05,4.29,4.01,2.91,1996,9
2017,-3.15,0.8,-5.58,-7.28,-0.4,1996,10
2018,1.72,4.25,2.06,0.87,2.52,1996,11
2019,-2.07,0.9,-2.58,1.07,0.24,1996,12
2020,4.75,6.34,8.59,9.37,5.68,1997,1
2021,-0.31,-2.72,-6.25,-1.38,1.67,1997,2
2022,-4.08,-2.52,-9.12,-9.81,-3.27,1997,3
2023,-2.75,-1.03,-3.36,-6.7,-0.45,1997,4
2024,7.04,9.04,14.37,10.26,6.34,1997,5
2025,4.17,4.19,3.22,2.75,5.65,1997,6
2026,3.2,5.88,6.83,1.29,6.07,1997,7
2027,2.36,3.94,6.95,2.73,1.65,1997,8
2028,7.81,7.42,9.31,11.42,8.69,1997,9
2029,-2.21,-2.05,-4.96,-2.29,-0.1,1997,10
2030,-1.24,-2.11,-4.39,-4.89,-0.1,1997,11
2031,-4.97,-2.73,-7.33,-6.75,2.21,1997,12
2032,1.02,-0.45,3.46,2.21,0.94,1998,1
2033,7.09,5.31,8.04,4.89,5.65,1998,2
2034,5.28,3.91,4.91,3.78,5.62,1998,3
2035,3.36,1.36,4.31,-0.51,3.13,1998,4
2036,-2.68,-4.52,-7.84,-4.19,-3.58,1998,5
2037,-1.97,-4.23,-2.32,-6.29,-1.53,1998,6
2038,-5.36,-7.88,-6.66,-5.52,-4.08,1998,7
2039,-19.68,-17.13,-23.8,-24.68,-18.73,1998,8
2040,0.37,3.41,5.83,7.69,3.58,1998,9
2041,3.89,3.75,6.47,4.93,1.11,1998,10
2042,11.34,1.79,16.52,7.14,4.5,1998,11
2043,4.44,-1.95,5.51,2.04,1.76,1998,12
2044,5.17,2.49,15.64,8.76,4.55,1999,1
2045,-4.11,-5.83,-7.01,-7.26,-2.55,1999,2
2046,-3.14,0.58,0.34,-1.89,-2.0,1999,3
2047,8.01,12.39,10.33,3.19,7.28,1999,4
2048,3.48,2.91,6.53,5.96,1.48,1999,5
2049,2.79,3.47,7.31,3.71,2.27,1999,6
2050,-1.05,1.26,1.89,3.97,0.07,1999,7
2051,-6.87,-2.57,-1.01,-1.62,-4.3,1999,8
2052,-3.13,-3.04,1.89,-1.29,-2.93,1999,9
2053,-2.45,-3.22,4.99,-2.66,-0.05,1999,10
2054,4.43,1.46,27.43,13.15,2.72,1999,11
2055,1.85,3.01,24.7,15.91,1.66,1999,12
2056,1.36,3.79,11.47,23.75,-0.88,2000,1
2057,3.14,3.67,33.1,42.79,1.08,2000,2
2058,4.2,6.24,-3.44,-9.0,1.89,2000,3
2059,-5.34,-1.83,-19.95,-13.62,-3.79,2000,4
2060,-4.88,-0.38,-14.2,-7.31,-2.32,2000,5
2061,2.17,2.45,16.57,19.18,2.41,2000,6
2062,-1.56,-0.82,-8.37,-2.3,1.78,2000,7
2063,3.01,6.4,8.86,12.33,4.12,2000,8
2064,-4.14,-2.02,-11.42,-0.12,-1.0,2000,9
2065,-5.29,-3.43,-12.94,-8.01,-3.51,2000,10
2066,-9.37,-6.28,-26.75,-13.62,-5.64,2000,11
2067,-2.6,6.2,-9.05,-3.65,2.76,2000,12
2068,24.17,10.82,47.34,21.89,15.34,2001,1
2069,-2.15,-1.45,-21.57,-9.01,-2.01,2001,2
2070,-3.82,-3.1,-16.39,-9.38,-2.68,2001,3
2071,5.38,5.86,12.98,12.81,4.34,2001,4
2072,8.01,5.16,3.75,13.63,7.06,2001,5
2073,2.32,-2.88,-0.13,7.16,2.88,2001,6
2074,-0.41,-2.74,-9.86,-2.65,1.17,2001,7
2075,-0.76,-3.24,-10.17,-2.82,-1.31,2001,8
2076,-12.92,-12.56,-19.08,-11.81,-9.4,2001,9
2077,4.31,4.5,19.07,12.0,1.89,2001,10
2078,7.75,3.49,15.34,7.07,5.47,2001,11
2079,5.94,4.95,8.56,6.46,5.67,2001,12
2080,4.6,0.51,1.88,-3.54,3.0,2002,1
2081,-0.66,0.49,-11.87,-7.77,-0.13,2002,2
2082,8.24,10.31,9.81,6.51,6.32,2002,3
2083,5.08,1.47,-6.48,-6.26,3.66,2002,4
2084,1.04,-3.24,-6.94,-4.13,0.1,2002,5
2085,-4.72,-5.16,-13.86,-10.08,-2.7,2002,6
2086,-12.97,-12.28,-15.06,-11.13,-9.22,2002,7
2087,-0.89,0.37,0.66,-0.67,0.86,2002,8
2088,-7.88,-8.17,-14.01,-8.62,-5.62,2002,9
2089,1.48,2.19,12.32,4.46,1.75,2002,10
2090,9.39,7.76,27.02,11.38,6.9,2002,11
2091,-4.52,-2.82,-11.0,-7.04,-1.33,2002,12
2092,-2.36,-1.06,1.73,1.65,0.64,2003,1
2093,-4.01,-2.45,-3.32,-2.62,-1.53,2003,2
2094,-0.01,-0.39,1.01,4.75,1.93,2003,3
2095,9.56,7.06,12.87,15.31,8.47,2003,4
2096,8.72,11.84,22.94,23.61,8.8,2003,5
2097,5.79,2.92,5.93,8.97,4.18,2003,6
2098,7.07,3.53,11.93,6.65,6.23,2003,7
2099,5.72,5.94,7.16,4.62,2.85,2003,8
2100,0.59,0.22,3.57,7.21,1.76,2003,9
2101,8.9,7.81,12.0,5.1,7.44,2003,10
2102,3.09,3.62,4.99,2.7,3.83,2003,11
2103,2.55,8.45,0.83,4.08,3.16,2003,12
2104,4.77,4.86,11.98,11.99,4.3,2004,1
2105,3.44,2.14,-2.54,0.41,2.21,2004,2
2106,0.8,1.01,-1.93,0.46,1.15,2004,3
2107,-1.24,-0.74,-7.02,-1.07,-3.29,2004,4
2108,-0.62,0.53,1.74,-4.0,0.34,2004,5
2109,3.28,6.16,1.01,-0.16,2.59,2004,6
2110,-5.3,-3.21,-12.87,-9.85,-3.01,2004,7
2111,-2.82,-1.31,-2.96,0.18,0.13,2004,8
2112,3.06,5.73,4.25,4.17,3.59,2004,9
2113,1.79,0.82,3.59,-1.09,2.39,2004,10
2114,8.73,10.67,9.97,8.32,6.81,2004,11
2115,5.68,3.9,8.71,7.39,4.76,2004,12
2116,-2.09,-1.44,-7.47,-3.91,-2.15,2005,1
2117,0.97,5.37,-0.09,-1.97,0.78,2005,2
2118,-1.03,-0.81,-4.5,-7.28,-2.2,2005,3
2119,-5.6,-6.48,-8.05,-3.5,-4.33,2005,4
2120,5.65,4.44,6.4,4.91,3.92,2005,5
2121,4.15,4.89,2.2,3.23,2.98,2005,6
2122,5.96,8.32,6.81,8.79,4.88,2005,7
2123,-3.27,0.79,-1.07,-0.92,-1.1,2005,8
2124,-2.1,2.85,1.03,0.38,0.58,2005,9
2125,-3.16,-5.8,-3.48,-4.57,-1.06,2005,10
2126,3.88,3.26,4.82,2.33,3.48,2005,11
2127,0.26,2.04,1.17,0.05,0.51,2005,12
2128,6.09,11.57,8.81,11.21,4.67,2006,1
2129,1.25,-1.91,0.93,2.22,0.68,2006,2
2130,4.12,5.13,5.31,2.64,3.55,2006,3
2131,1.11,3.94,0.23,-3.79,0.61,2006,4
2132,-3.85,-4.88,-7.74,-7.35,-2.08,2006,5
2133,-0.58,0.13,-2.84,-2.01,0.42,2006,6
2134,-3.85,-2.12,-5.1,-4.67,-2.33,2006,7
2135,1.2,0.46,4.26,3.74,1.24,2006,8
2136,3.37,-1.97,1.38,-0.42,1.66,2006,9
2137,5.39,6.2,4.4,6.38,3.78,2006,10
2138,1.32,4.49,2.41,2.69,2.31,2006,11
2139,2.04,-0.39,1.38,1.54,1.85,2006,12
2140,3.28,1.62,2.73,4.54,1.26,2007,1
2141,0.4,1.55,0.43,0.09,-0.82,2007,2
2142,1.15,2.1,0.46,0.1,-1.02,2007,3
2143,1.99,4.45,2.3,5.04,0.53,2007,4
2144,2.2,4.1,2.75,-0.12,2.41,2007,5
2145,-0.72,0.57,1.26,-3.62,-1.67,2007,6
2146,-5.91,-3.92,-3.31,-4.99,-6.92,2007,7
2147,-2.35,-1.7,-1.75,-0.09,-0.06,2007,8
2148,-0.44,3.14,2.76,2.96,0.31,2007,9
2149,-0.47,2.76,2.89,2.82,-1.38,2007,10
2150,-9.05,-7.7,-9.92,-8.16,-7.42,2007,11
2151,-2.84,1.71,-0.36,-2.64,-2.97,2007,12
2152,-4.55,-6.92,-9.95,-5.19,-1.01,2008,1
2153,-3.98,0.99,-3.45,-1.63,-4.47,2008,2
2154,-1.55,-1.84,-2.9,-5.66,-2.14,2008,3
2155,2.11,6.02,2.96,2.25,0.22,2008,4
2156,2.2,8.73,5.23,3.59,-0.28,2008,5
2157,-11.89,-3.85,-8.77,-6.95,-13.22,2008,6
2158,0.86,-3.92,-1.2,6.43,2.9,2008,7
2159,3.94,1.19,2.18,-0.05,3.28,2008,8
2160,-8.94,-16.5,-14.56,-13.07,-5.99,2008,9
2161,-24.37,-25.0,-22.95,-18.99,-18.13,2008,10
2162,-17.67,-14.36,-14.16,-13.88,-12.42,2008,11
2163,5.13,-0.41,3.59,7.13,1.8,2008,12
2164,-5.86,-5.8,-0.09,6.24,-9.22,2009,1
2165,-9.61,-16.65,-8.7,-11.77,-12.11,2009,2
2166,15.69,8.97,12.53,13.58,12.78,2009,3
2167,33.4,23.69,20.93,13.85,18.49,2009,4
2168,8.4,11.48,8.7,18.4,6.62,2009,5
2169,3.43,0.27,7.03,10.73,0.2,2009,6
2170,12.61,10.15,8.55,9.09,6.28,2009,7
2171,7.79,6.17,7.74,5.62,6.01,2009,8
2172,6.39,10.32,10.87,8.39,2.45,2009,9
2173,-3.65,-5.34,-6.29,-10.53,-7.25,2009,10
2174,1.99,3.6,3.08,3.2,-0.38,2009,11
2175,6.48,8.26,8.81,8.14,3.7,2009,12
2176,-0.75,-2.58,-3.12,-0.02,2.13,2010,1
2177,5.74,4.33,4.99,2.16,2.58,2010,2
2178,10.0,7.01,8.44,8.09,7.07,2010,3
2179,7.38,8.19,5.86,6.96,9.29,2010,4
2180,-7.33,-9.25,-6.99,-9.0,-8.27,2010,5
2181,-9.17,-6.81,-6.14,-7.7,-8.85,2010,6
2182,6.28,8.05,6.64,3.03,4.41,2010,7
2183,-7.89,-6.54,-6.15,-5.54,-7.39,2010,8
2184,12.39,10.92,13.62,11.24,8.03,2010,9
2185,3.94,6.09,5.99,2.85,2.72,2010,10
2186,3.65,4.7,1.62,-0.02,1.2,2010,11
2187,5.75,8.96,8.02,10.49,9.01,2010,12
2188,-0.54,3.66,3.18,1.26,1.88,2011,1
2189,4.14,5.51,5.49,3.46,2.92,2011,2
2190,1.15,3.34,0.88,2.77,-0.48,2011,3
2191,2.32,0.49,1.45,5.02,0.23,2011,4
2192,-1.0,-3.46,-1.78,-0.18,-2.72,2011,5
2193,-1.48,-2.58,-2.89,-4.12,-2.17,2011,6
2194,-1.95,-1.06,-4.81,-3.15,-1.98,2011,7
2195,-8.99,-9.84,-10.03,-11.37,-8.21,2011,8
2196,-9.29,-14.3,-11.13,-9.36,-9.84,2011,9
2197,12.3,16.25,11.88,9.88,10.61,2011,10
2198,-2.48,0.17,-3.56,-2.92,-0.95,2011,11
2199,0.69,-1.08,-0.79,-0.87,1.24,2011,12
2200,7.5,8.4,10.1,11.59,8.57,2012,1
2201,5.1,3.62,3.9,4.06,3.71,2012,2
2202,3.83,-0.24,2.63,4.22,4.9,2012,3
2203,-0.54,-1.34,-2.97,-1.57,-0.66,2012,4
2204,-5.47,-10.72,-8.31,-5.62,-5.18,2012,5
2205,2.04,3.07,3.83,7.32,3.8,2012,6
2206,-0.89,-0.7,-2.07,0.93,-1.49,2012,7
2207,3.07,2.16,3.34,2.24,2.53,2012,8
2208,3.27,3.64,2.86,6.35,3.98,2012,9
2209,-1.19,-1.31,-4.64,-5.19,0.35,2012,10
2210,2.07,0.33,-0.24,0.63,-0.13,2012,11
2211,1.9,2.9,3.01,-0.71,3.55,2012,12
2212,6.64,6.96,6.73,9.1,7.69,2013,1
2213,0.99,0.49,1.02,-0.34,2.01,2013,2
2214,5.46,3.24,4.18,5.15,4.38,2013,3
2215,1.59,-1.16,0.08,1.02,-0.95,2013,4
2216,5.56,4.08,5.58,4.44,4.8,2013,5
2217,0.49,-1.77,1.09,-1.27,0.19,2013,6
2218,6.07,6.93,7.99,10.74,6.96,2013,7
2219,-3.09,-1.61,-1.37,-1.91,-2.54,2013,8
2220,5.48,5.65,6.27,9.15,4.39,2013,9
2221,3.08,4.56,2.34,-1.88,3.06,2013,10
2222,3.48,2.12,4.41,8.27,4.24,2013,11
2223,1.7,3.18,3.9,4.09,2.03,2013,12
2224,-4.62,-1.47,1.51,9.09,-1.46,2014,1
2225,4.9,5.36,4.45,5.98,3.57,2014,2
2226,1.18,1.64,-1.22,-3.98,1.08,2014,3
2227,-3.11,-0.41,-6.35,-7.85,-2.63,2014,4
2228,0.13,-0.52,0.25,0.94,0.17,2014,5
2229,2.37,4.94,5.32,7.26,3.52,2014,6
2230,-4.57,-5.8,-4.92,-6.96,-3.4,2014,7
2231,5.78,4.26,3.38,4.7,3.37,2014,8
2232,-4.21,-7.98,-4.42,-4.97,-3.42,2014,9
2233,3.82,-0.67,1.83,5.17,4.1,2014,10
2234,2.13,-5.38,1.48,0.58,0.41,2014,11
2235,1.5,-1.78,1.87,5.3,2.92,2014,12
2236,-2.71,-5.68,-3.17,2.62,-5.15,2015,1
2237,4.8,7.74,7.27,9.3,5.09,2015,2
2238,1.37,-2.36,-1.18,1.08,1.21,2015,3
2239,-1.75,4.13,1.36,-4.17,-0.12,2015,4
2240,0.2,-2.44,2.18,5.09,0.34,2015,5
2241,-0.23,-3.62,-1.31,2.57,1.29,2015,6
2242,-1.72,-8.42,-3.66,-0.47,-1.33,2015,7
2243,-4.47,-2.03,-5.63,-7.17,-4.02,2015,8
2244,-5.34,-9.5,-3.12,-11.47,-2.7,2015,9
2245,4.32,7.4,5.96,2.88,4.86,2015,10
2246,-0.31,-1.3,2.34,10.23,2.12,2015,11
2247,-3.52,-7.23,-3.68,-5.78,-4.09,2015,12
2248,-6.48,-7.97,-8.35,-18.65,-7.69,2016,1
2249,3.47,0.11,0.87,-2.9,0.3,2016,2
2250,6.89,13.16,6.52,7.71,7.52,2016,3
2251,0.54,8.34,1.3,5.17,3.56,2016,4
2252,-2.34,-1.6,3.25,1.41,1.14,2016,5
2253,1.0,1.52,1.66,-4.51,-1.11,2016,6
2254,6.29,4.41,6.78,6.26,5.21,2016,7
2255,1.58,2.77,2.55,0.9,2.78,2016,8
2256,-0.71,1.75,1.88,8.04,0.95,2016,9
2257,-4.17,-4.45,-5.13,-13.68,-2.26,2016,10
2258,8.05,11.77,5.12,5.31,12.76,2016,11
2259,1.91,1.57,0.72,-2.69,5.5,2016,12
2260,-2.23,2.05,3.41,4.74,0.81,2017,1
2261,-0.21,-0.51,2.1,6.45,1.44,2017,2
2262,0.8,-0.4,1.66,2.31,-0.51,2017,3
2263,1.62,-0.7,2.34,-3.08,0.54,2017,4
2264,-2.4,-2.53,1.52,-4.95,-2.62,2017,5
2265,1.04,0.81,1.18,10.41,4.69,2017,6
2266,-1.81,0.83,1.49,-2.72,0.25,2017,7
2267,-3.7,-3.73,-0.85,1.39,-1.94,2017,8
2268,6.37,8.62,5.81,8.3,7.07,2017,9
2269,-2.0,0.71,1.77,-2.27,0.7,2017,10
2270,6.54,3.06,1.92,2.54,3.65,2017,11
2271,2.91,2.22,1.06,1.03,-0.1,2017,12
2272,1.67,0.22,3.93,6.9,2.75,2018,1
2273,-4.77,-6.43,-1.78,-3.51,-3.91,2018,2
2274,0.65,1.76,0.1,0.22,1.4,2018,3
2275,0.92,2.1,0.0,-0.17,0.95,2018,4
2276,3.96,5.0,5.65,7.7,3.48,2018,5
2277,4.02,2.0,1.26,-2.59,0.3,2018,6
2278,0.18,1.61,-0.25,-1.47,1.2,2018,7
2279,4.37,-0.83,7.48,5.86,1.61,2018,8
2280,-2.12,-0.46,-1.9,-1.17,-2.36,2018,9
2281,-8.36,-11.62,-10.16,-14.5,-8.26,2018,10
2282,-1.25,-1.91,0.59,-0.45,0.7,2018,11
2283,-12.94,-14.08,-10.11,-18.41,-11.25,2018,12
2284,12.25,14.16,15.41,18.35,11.05,2019,1
2285,4.24,4.21,6.44,6.55,4.85,2019,2
2286,-3.47,-1.87,-0.73,2.98,-3.23,2019,3
2287,2.52,2.73,4.45,-2.36,4.38,2019,4
2288,-10.71,-11.06,-7.98,-8.25,-5.91,2019,5
2289,6.44,6.78,4.81,4.4,5.7,2019,6
2290,-0.1,-2.93,0.92,-5.15,1.23,2019,7
2291,-3.92,-8.51,-5.44,-4.73,-4.41,2019,8
2292,5.51,5.63,0.39,-3.45,3.48,2019,9
2293,-0.05,-2.04,0.11,-0.42,1.9,2019,10
2294,3.19,-0.22,4.69,8.71,2.72,2019,11
2295,2.19,7.27,3.48,9.82,3.07,2019,12
3320,1049.0,1179.0,947.0,413.0,1815.0,1991,1
3321,1043.0,1174.0,942.0,408.0,1806.0,1991,2
3322,1038.0,1167.0,933.0,405.0,1796.0,1991,3
3323,1026.0,1154.0,926.0,402.0,1777.0,1991,4
3324,1016.0,1146.0,922.0,400.0,1761.0,1991,5
3325,1007.0,1144.0,917.0,398.0,1752.0,1991,6
3326,1058.0,1204.0,957.0,459.0,1851.0,1991,7
3327,1050.0,1200.0,952.0,455.0,1839.0,1991,8
3328,1045.0,1199.0,945.0,454.0,1827.0,1991,9
3329,1039.0,1197.0,936.0,451.0,1816.0,1991,10
3330,1030.0,1194.0,928.0,451.0,1803.0,1991,11
3331,1025.0,1189.0,916.0,448.0,1782.0,1991,12
3332,1020.0,1183.0,910.0,446.0,1766.0,1992,1
3333,1011.0,1179.0,904.0,441.0,1756.0,1992,2
3334,1004.0,1175.0,897.0,440.0,1734.0,1992,3
3335,996.0,1166.0,891.0,437.0,1716.0,1992,4
3336,986.0,1155.0,882.0,433.0,1698.0,1992,5
3337,975.0,1142.0,868.0,429.0,1680.0,1992,6
3338,1129.0,1194.0,972.0,550.0,1821.0,1992,7
3339,1116.0,1185.0,959.0,548.0,1808.0,1992,8
3340,1110.0,1180.0,956.0,542.0,1795.0,1992,9
3341,1100.0,1175.0,950.0,534.0,1775.0,1992,10
3342,1093.0,1172.0,945.0,534.0,1766.0,1992,11
3343,1091.0,1168.0,939.0,533.0,1748.0,1992,12
3344,1088.0,1164.0,931.0,532.0,1730.0,1993,1
3345,1083.0,1162.0,928.0,529.0,1718.0,1993,2
3346,1078.0,1159.0,920.0,527.0,1698.0,1993,3
3347,1075.0,1157.0,917.0,523.0,1690.0,1993,4
3348,1074.0,1153.0,914.0,519.0,1680.0,1993,5
3349,1068.0,1144.0,911.0,518.0,1670.0,1993,6
3350,1206.0,1206.0,1031.0,598.0,1896.0,1993,7
3351,1202.0,1200.0,1028.0,592.0,1885.0,1993,8
3352,1199.0,1197.0,1023.0,588.0,1879.0,1993,9
3353,1194.0,1194.0,1020.0,585.0,1866.0,1993,10
3354,1189.0,1185.0,1018.0,583.0,1861.0,1993,11
3355,1184.0,1180.0,1009.0,581.0,1842.0,1993,12
3356,1177.0,1177.0,1007.0,580.0,1822.0,1994,1
3357,1173.0,1172.0,1001.0,575.0,1810.0,1994,2
3358,1171.0,1169.0,998.0,573.0,1796.0,1994,3
3359,1170.0,1163.0,991.0,569.0,1785.0,1994,4
3360,1167.0,1157.0,984.0,563.0,1773.0,1994,5
3361,1162.0,1153.0,980.0,555.0,1756.0,1994,6
3362,1367.0,1305.0,1157.0,623.0,2073.0,1994,7
3363,1359.0,1298.0,1149.0,622.0,2055.0,1994,8
3364,1349.0,1295.0,1138.0,618.0,2039.0,1994,9
3365,1346.0,1289.0,1132.0,609.0,2027.0,1994,10
3366,1339.0,1284.0,1125.0,605.0,2015.0,1994,11
3367,1329.0,1275.0,1111.0,600.0,2001.0,1994,12
3368,1322.0,1271.0,1103.0,595.0,1976.0,1995,1
3369,1317.0,1264.0,1096.0,591.0,1961.0,1995,2
3370,1308.0,1256.0,1086.0,585.0,1946.0,1995,3
3371,1297.0,1251.0,1083.0,581.0,1928.0,1995,4
3372,1283.0,1242.0,1077.0,574.0,1911.0,1995,5
3373,1270.0,1233.0,1063.0,573.0,1894.0,1995,6
3374,1389.0,1305.0,1205.0,619.0,2104.0,1995,7
3375,1377.0,1304.0,1195.0,611.0,2092.0,1995,8
3376,1371.0,1297.0,1188.0,606.0,2080.0,1995,9
3377,1360.0,1291.0,1180.0,601.0,2060.0,1995,10
3378,1351.0,1284.0,1174.0,592.0,2046.0,1995,11
3379,1344.0,1281.0,1162.0,589.0,2028.0,1995,12
3380,1333.0,1273.0,1156.0,585.0,1994.0,1996,1
3381,1324.0,1263.0,1146.0,582.0,1980.0,1996,2
3382,1323.0,1253.0,1143.0,578.0,1962.0,1996,3
3383,1320.0,1247.0,1137.0,575.0,1939.0,1996,4
3384,1313.0,1238.0,1129.0,571.0,1924.0,1996,5
3385,1301.0,1234.0,1126.0,567.0,1911.0,1996,6
3386,1429.0,1325.0,1412.0,696.0,2196.0,1996,7
3387,1421.0,1314.0,1400.0,691.0,2182.0,1996,8
3388,1407.0,1309.0,1395.0,687.0,2170.0,1996,9
3389,1396.0,1300.0,1387.0,686.0,2150.0,1996,10
3390,1388.0,1294.0,1379.0,684.0,2131.0,1996,11
3391,1376.0,1286.0,1371.0,677.0,2111.0,1996,12
3392,1366.0,1276.0,1359.0,672.0,2093.0,1997,1
3393,1354.0,1274.0,1349.0,669.0,2081.0,1997,2
3394,1344.0,1264.0,1337.0,664.0,2059.0,1997,3
3395,1336.0,1262.0,1326.0,660.0,2040.0,1997,4
3396,1329.0,1257.0,1316.0,657.0,2025.0,1997,5
3397,1317.0,1250.0,1305.0,653.0,1996.0,1997,6
3398,1433.0,1335.0,1520.0,732.0,2249.0,1997,7
3399,1419.0,1316.0,1509.0,727.0,2225.0,1997,8
3400,1402.0,1310.0,1500.0,717.0,2210.0,1997,9
3401,1390.0,1296.0,1493.0,710.0,2189.0,1997,10
3402,1380.0,1288.0,1480.0,705.0,2171.0,1997,11
3403,1363.0,1274.0,1460.0,698.0,2139.0,1997,12
3404,1346.0,1261.0,1446.0,693.0,2121.0,1998,1
3405,1332.0,1257.0,1431.0,689.0,2095.0,1998,2
3406,1314.0,1248.0,1416.0,680.0,2064.0,1998,3
3407,1303.0,1236.0,1404.0,677.0,2035.0,1998,4
3408,1292.0,1230.0,1388.0,671.0,2012.0,1998,5
3409,1280.0,1213.0,1365.0,664.0,1985.0,1998,6
3410,1391.0,1266.0,1536.0,727.0,2212.0,1998,7
3411,1376.0,1256.0,1519.0,719.0,2186.0,1998,8
3412,1356.0,1243.0,1492.0,711.0,2168.0,1998,9
3413,1334.0,1228.0,1463.0,691.0,2136.0,1998,10
3414,1323.0,1221.0,1448.0,682.0,2115.0,1998,11
3415,1306.0,1212.0,1430.0,672.0,2083.0,1998,12
3416,1288.0,1198.0,1412.0,664.0,2056.0,1999,1
3417,1272.0,1185.0,1398.0,658.0,2032.0,1999,2
3418,1251.0,1167.0,1375.0,645.0,2005.0,1999,3
3419,1235.0,1153.0,1360.0,639.0,1986.0,1999,4
3420,1221.0,1144.0,1339.0,635.0,1968.0,1999,5
3421,1206.0,1135.0,1316.0,625.0,1944.0,1999,6
3422,1236.0,1151.0,1481.0,629.0,2077.0,1999,7
3423,1224.0,1127.0,1462.0,623.0,2058.0,1999,8
3424,1210.0,1115.0,1444.0,611.0,2038.0,1999,9
3425,1202.0,1102.0,1426.0,605.0,2010.0,1999,10
3426,1195.0,1081.0,1406.0,588.0,1985.0,1999,11
3427,1176.0,1072.0,1385.0,580.0,1963.0,1999,12
3428,1167.0,1067.0,1368.0,575.0,1943.0,2000,1
3429,1159.0,1055.0,1349.0,569.0,1923.0,2000,2
3430,1152.0,1045.0,1336.0,567.0,1883.0,2000,3
3431,1142.0,1037.0,1322.0,564.0,1860.0,2000,4
3432,1131.0,1030.0,1307.0,558.0,1847.0,2000,5
3433,1118.0,1017.0,1288.0,553.0,1821.0,2000,6
3434,1164.0,1036.0,1654.0,599.0,1943.0,2000,7
3435,1149.0,1028.0,1638.0,592.0,1928.0,2000,8
3436,1137.0,1010.0,1622.0,583.0,1911.0,2000,9
3437,1113.0,998.0,1602.0,575.0,1879.0,2000,10
3438,1094.0,984.0,1586.0,561.0,1855.0,2000,11
3439,1073.0,972.0,1565.0,550.0,1837.0,2000,12
3440,1058.0,955.0,1546.0,546.0,1805.0,2001,1
3441,1046.0,951.0,1527.0,540.0,1785.0,2001,2
3442,1033.0,942.0,1504.0,536.0,1769.0,2001,3
3443,1020.0,931.0,1473.0,528.0,1744.0,2001,4
3444,1000.0,917.0,1442.0,522.0,1726.0,2001,5
3445,989.0,910.0,1417.0,519.0,1700.0,2001,6
3446,987.0,955.0,1548.0,568.0,1741.0,2001,7
3447,967.0,945.0,1503.0,564.0,1722.0,2001,8
3448,957.0,940.0,1491.0,561.0,1704.0,2001,9
3449,948.0,934.0,1474.0,559.0,1689.0,2001,10
3450,934.0,924.0,1448.0,555.0,1665.0,2001,11
3451,925.0,920.0,1432.0,553.0,1642.0,2001,12
3452,914.0,912.0,1416.0,551.0,1621.0,2002,1
3453,907.0,905.0,1401.0,549.0,1600.0,2002,2
3454,897.0,899.0,1387.0,548.0,1584.0,2002,3
3455,891.0,889.0,1368.0,542.0,1568.0,2002,4
3456,887.0,885.0,1348.0,541.0,1557.0,2002,5
3457,881.0,879.0,1329.0,536.0,1553.0,2002,6
3458,899.0,873.0,1369.0,567.0,1591.0,2002,7
3459,893.0,867.0,1342.0,564.0,1571.0,2002,8
3460,890.0,863.0,1325.0,562.0,1561.0,2002,9
3461,882.0,854.0,1305.0,557.0,1546.0,2002,10
3462,879.0,846.0,1289.0,555.0,1535.0,2002,11
3463,874.0,841.0,1269.0,548.0,1526.0,2002,12
3464,868.0,833.0,1252.0,544.0,1509.0,2003,1
3465,864.0,828.0,1236.0,539.0,1501.0,2003,2
3466,857.0,822.0,1205.0,527.0,1486.0,2003,3
3467,845.0,818.0,1191.0,522.0,1481.0,2003,4
3468,837.0,815.0,1177.0,521.0,1468.0,2003,5
3469,829.0,813.0,1162.0,516.0,1461.0,2003,6
3470,835.0,825.0,1178.0,518.0,1508.0,2003,7
3471,829.0,821.0,1162.0,514.0,1494.0,2003,8
3472,823.0,818.0,1151.0,513.0,1488.0,2003,9
3473,817.0,814.0,1138.0,512.0,1479.0,2003,10
3474,813.0,812.0,1125.0,510.0,1463.0,2003,11
3475,806.0,806.0,1115.0,509.0,1450.0,2003,12
3476,799.0,803.0,1108.0,506.0,1437.0,2004,1
3477,796.0,800.0,1100.0,503.0,1428.0,2004,2
3478,794.0,795.0,1086.0,502.0,1422.0,2004,3
3479,785.0,793.0,1081.0,499.0,1408.0,2004,4
3480,779.0,789.0,1077.0,497.0,1393.0,2004,5
3481,776.0,786.0,1068.0,493.0,1382.0,2004,6
3482,801.0,793.0,1124.0,550.0,1467.0,2004,7
3483,793.0,791.0,1114.0,547.0,1460.0,2004,8
3484,790.0,787.0,1113.0,547.0,1448.0,2004,9
3485,784.0,784.0,1104.0,546.0,1436.0,2004,10
3486,778.0,781.0,1094.0,545.0,1425.0,2004,11
3487,773.0,776.0,1087.0,542.0,1413.0,2004,12
3488,772.0,769.0,1083.0,539.0,1393.0,2005,1
3489,768.0,767.0,1077.0,538.0,1380.0,2005,2
3490,761.0,759.0,1074.0,537.0,1372.0,2005,3
3491,755.0,755.0,1067.0,535.0,1364.0,2005,4
3492,750.0,751.0,1057.0,532.0,1353.0,2005,5
3493,747.0,748.0,1044.0,530.0,1347.0,2005,6
3494,785.0,788.0,1113.0,567.0,1437.0,2005,7
3495,776.0,783.0,1099.0,563.0,1427.0,2005,8
3496,772.0,780.0,1090.0,558.0,1420.0,2005,9
3497,760.0,774.0,1082.0,553.0,1415.0,2005,10
3498,755.0,773.0,1070.0,547.0,1409.0,2005,11
3499,747.0,767.0,1064.0,544.0,1395.0,2005,12
3500,742.0,765.0,1051.0,538.0,1384.0,2006,1
3501,735.0,762.0,1036.0,534.0,1379.0,2006,2
3502,729.0,762.0,1028.0,530.0,1370.0,2006,3
3503,726.0,757.0,1021.0,523.0,1363.0,2006,4
3504,721.0,754.0,1011.0,519.0,1356.0,2006,5
3505,715.0,751.0,1004.0,517.0,1349.0,2006,6
3506,763.0,792.0,1046.0,572.0,1438.0,2006,7
3507,760.0,789.0,1037.0,571.0,1431.0,2006,8
3508,754.0,786.0,1033.0,570.0,1425.0,2006,9
3509,750.0,781.0,1021.0,569.0,1416.0,2006,10
3510,740.0,780.0,1016.0,561.0,1405.0,2006,11
3511,737.0,773.0,1004.0,556.0,1395.0,2006,12
3512,731.0,768.0,991.0,549.0,1381.0,2007,1
3513,727.0,764.0,981.0,547.0,1369.0,2007,2
3514,722.0,760.0,971.0,545.0,1363.0,2007,3
3515,719.0,750.0,961.0,538.0,1350.0,2007,4
3516,713.0,746.0,951.0,537.0,1342.0,2007,5
3517,707.0,736.0,943.0,533.0,1334.0,2007,6
3518,729.0,783.0,1008.0,575.0,1419.0,2007,7
3519,721.0,780.0,998.0,569.0,1404.0,2007,8
3520,716.0,778.0,986.0,566.0,1396.0,2007,9
3521,708.0,775.0,975.0,562.0,1380.0,2007,10
3522,698.0,770.0,965.0,554.0,1370.0,2007,11
3523,691.0,765.0,955.0,551.0,1358.0,2007,12
3524,689.0,763.0,947.0,546.0,1352.0,2008,1
3525,687.0,757.0,942.0,542.0,1339.0,2008,2
3526,684.0,752.0,935.0,536.0,1327.0,2008,3
3527,678.0,747.0,929.0,529.0,1316.0,2008,4
3528,671.0,743.0,919.0,520.0,1309.0,2008,5
3529,670.0,741.0,913.0,517.0,1299.0,2008,6
3530,690.0,786.0,957.0,554.0,1360.0,2008,7
3531,685.0,781.0,945.0,549.0,1355.0,2008,8
3532,680.0,778.0,932.0,544.0,1346.0,2008,9
3533,672.0,776.0,922.0,537.0,1334.0,2008,10
3534,664.0,770.0,913.0,535.0,1323.0,2008,11
3535,661.0,766.0,906.0,527.0,1313.0,2008,12
3536,655.0,763.0,902.0,519.0,1302.0,2009,1
3537,650.0,759.0,895.0,514.0,1294.0,2009,2
3538,647.0,750.0,889.0,506.0,1284.0,2009,3
3539,643.0,742.0,879.0,503.0,1274.0,2009,4
3540,641.0,737.0,875.0,494.0,1267.0,2009,5
3541,637.0,735.0,862.0,487.0,1261.0,2009,6
3542,642.0,745.0,866.0,500.0,1287.0,2009,7
3543,638.0,742.0,861.0,496.0,1280.0,2009,8
3544,635.0,741.0,860.0,491.0,1271.0,2009,9
3545,633.0,738.0,852.0,486.0,1263.0,2009,10
3546,627.0,732.0,843.0,481.0,1254.0,2009,11
3547,624.0,729.0,837.0,476.0,1244.0,2009,12
3548,621.0,729.0,830.0,471.0,1233.0,2010,1
3549,619.0,726.0,822.0,468.0,1225.0,2010,2
3550,613.0,721.0,819.0,462.0,1219.0,2010,3
3551,613.0,718.0,808.0,462.0,1208.0,2010,4
3552,610.0,715.0,805.0,461.0,1200.0,2010,5
3553,609.0,712.0,804.0,459.0,1192.0,2010,6
3554,627.0,747.0,836.0,483.0,1224.0,2010,7
3555,624.0,745.0,829.0,480.0,1222.0,2010,8
3556,622.0,738.0,824.0,477.0,1219.0,2010,9
3557,620.0,737.0,812.0,472.0,1211.0,2010,10
3558,617.0,732.0,805.0,467.0,1203.0,2010,11
3559,615.0,723.0,795.0,460.0,1191.0,2010,12
3560,613.0,719.0,790.0,457.0,1182.0,2011,1
3561,611.0,714.0,783.0,453.0,1180.0,2011,2
3562,604.0,710.0,778.0,450.0,1174.0,2011,3
3563,600.0,708.0,767.0,445.0,1162.0,2011,4
3564,596.0,705.0,761.0,443.0,1154.0,2011,5
3565,591.0,699.0,753.0,433.0,1144.0,2011,6
3566,605.0,720.0,793.0,461.0,1176.0,2011,7
3567,604.0,718.0,788.0,459.0,1174.0,2011,8
3568,603.0,714.0,783.0,457.0,1169.0,2011,9
3569,601.0,712.0,777.0,453.0,1162.0,2011,10
3570,597.0,706.0,770.0,450.0,1152.0,2011,11
3571,593.0,699.0,765.0,448.0,1144.0,2011,12
3572,591.0,695.0,757.0,446.0,1136.0,2012,1
3573,589.0,693.0,750.0,441.0,1131.0,2012,2
3574,588.0,688.0,746.0,438.0,1126.0,2012,3
3575,585.0,686.0,743.0,434.0,1120.0,2012,4
3576,583.0,682.0,740.0,433.0,1111.0,2012,5
3577,577.0,678.0,739.0,429.0,1104.0,2012,6
3578,592.0,690.0,778.0,449.0,1132.0,2012,7
3579,589.0,686.0,771.0,440.0,1130.0,2012,8
3580,585.0,684.0,769.0,436.0,1120.0,2012,9
3581,579.0,677.0,764.0,435.0,1112.0,2012,10
3582,578.0,674.0,756.0,434.0,1107.0,2012,11
3583,577.0,667.0,747.0,428.0,1100.0,2012,12
3584,572.0,666.0,745.0,426.0,1098.0,2013,1
3585,566.0,665.0,742.0,425.0,1092.0,2013,2
3586,565.0,664.0,737.0,421.0,1086.0,2013,3
3587,561.0,660.0,729.0,420.0,1079.0,2013,4
3588,557.0,656.0,725.0,419.0,1072.0,2013,5
3589,552.0,654.0,720.0,415.0,1066.0,2013,6
3590,572.0,666.0,757.0,455.0,1094.0,2013,7
3591,569.0,663.0,751.0,453.0,1092.0,2013,8
3592,567.0,661.0,745.0,452.0,1088.0,2013,9
3593,563.0,657.0,741.0,446.0,1086.0,2013,10
3594,553.0,655.0,734.0,445.0,1081.0,2013,11
3595,552.0,653.0,728.0,444.0,1077.0,2013,12
3596,550.0,653.0,725.0,439.0,1073.0,2014,1
3597,546.0,646.0,721.0,436.0,1067.0,2014,2
3598,545.0,642.0,720.0,435.0,1064.0,2014,3
3599,543.0,640.0,716.0,434.0,1059.0,2014,4
3600,540.0,637.0,715.0,432.0,1054.0,2014,5
3601,539.0,636.0,710.0,431.0,1050.0,2014,6
3602,564.0,670.0,765.0,530.0,1100.0,2014,7
3603,560.0,669.0,764.0,528.0,1096.0,2014,8
3604,559.0,668.0,761.0,525.0,1092.0,2014,9
3605,555.0,666.0,755.0,524.0,1088.0,2014,10
3606,553.0,664.0,752.0,519.0,1082.0,2014,11
3607,550.0,662.0,744.0,518.0,1078.0,2014,12
3608,547.0,660.0,738.0,515.0,1074.0,2015,1
3609,543.0,656.0,733.0,512.0,1069.0,2015,2
3610,540.0,653.0,729.0,509.0,1063.0,2015,3
3611,539.0,653.0,724.0,506.0,1056.0,2015,4
3612,538.0,652.0,719.0,502.0,1055.0,2015,5
3613,536.0,648.0,714.0,501.0,1049.0,2015,6
3614,548.0,657.0,751.0,591.0,1110.0,2015,7
3615,543.0,654.0,748.0,589.0,1107.0,2015,8
3616,542.0,647.0,745.0,587.0,1103.0,2015,9
3617,539.0,643.0,736.0,582.0,1093.0,2015,10
3618,539.0,641.0,732.0,579.0,1088.0,2015,11
3619,537.0,637.0,726.0,576.0,1077.0,2015,12
3620,534.0,626.0,721.0,574.0,1069.0,2016,1
3621,532.0,623.0,715.0,569.0,1061.0,2016,2
3622,531.0,618.0,712.0,569.0,1052.0,2016,3
3623,525.0,612.0,709.0,568.0,1049.0,2016,4
3624,521.0,608.0,699.0,563.0,1040.0,2016,5
3625,520.0,606.0,693.0,561.0,1035.0,2016,6
3626,535.0,612.0,714.0,611.0,1073.0,2016,7
3627,533.0,611.0,708.0,605.0,1063.0,2016,8
3628,531.0,605.0,700.0,600.0,1054.0,2016,9
3629,527.0,603.0,694.0,595.0,1051.0,2016,10
3630,526.0,601.0,683.0,591.0,1048.0,2016,11
3631,524.0,599.0,676.0,588.0,1040.0,2016,12
3632,523.0,596.0,671.0,587.0,1038.0,2017,1
3633,521.0,594.0,665.0,582.0,1033.0,2017,2
3634,517.0,592.0,662.0,577.0,1027.0,2017,3
3635,515.0,586.0,657.0,574.0,1020.0,2017,4
3636,513.0,583.0,654.0,572.0,1011.0,2017,5
3637,509.0,580.0,650.0,570.0,1002.0,2017,6
3638,523.0,615.0,682.0,613.0,1058.0,2017,7
3639,522.0,613.0,674.0,610.0,1056.0,2017,8
3640,517.0,608.0,667.0,608.0,1051.0,2017,9
3641,517.0,606.0,659.0,602.0,1040.0,2017,10
3642,514.0,603.0,651.0,598.0,1030.0,2017,11
3643,509.0,601.0,648.0,593.0,1020.0,2017,12
3644,505.0,601.0,646.0,593.0,1015.0,2018,1
3645,504.0,598.0,641.0,587.0,1010.0,2018,2
3646,500.0,596.0,638.0,584.0,1007.0,2018,3
3647,496.0,592.0,635.0,580.0,999.0,2018,4
3648,495.0,590.0,631.0,579.0,997.0,2018,5
3649,492.0,587.0,627.0,577.0,992.0,2018,6
3650,506.0,605.0,670.0,642.0,1051.0,2018,7
3651,505.0,604.0,665.0,640.0,1047.0,2018,8
3652,504.0,603.0,663.0,638.0,1044.0,2018,9
3653,499.0,599.0,658.0,635.0,1036.0,2018,10
3654,496.0,593.0,655.0,631.0,1030.0,2018,11
3655,493.0,591.0,647.0,628.0,1026.0,2018,12
3656,491.0,589.0,642.0,626.0,1019.0,2019,1
3657,491.0,585.0,634.0,624.0,1016.0,2019,2
3658,488.0,583.0,627.0,621.0,1011.0,2019,3
3659,485.0,580.0,624.0,617.0,1006.0,2019,4
3660,483.0,578.0,623.0,617.0,1002.0,2019,5
3661,481.0,577.0,621.0,614.0,1001.0,2019,6
3662,499.0,598.0,654.0,694.0,1031.0,2019,7
3663,496.0,595.0,649.0,693.0,1025.0,2019,8
3664,492.0,592.0,643.0,692.0,1019.0,2019,9
3665,489.0,587.0,638.0,690.0,1015.0,2019,10
3666,485.0,584.0,637.0,685.0,1008.0,2019,11
3667,483.0,579.0,632.0,681.0,999.0,2019,12
4494,535.03,816.12,494.95,645.14,261.06,1991,1
4495,574.33,836.6,531.5,681.82,281.38,1991,2
4496,630.76,889.39,554.7,753.25,309.71,1991,3
4497,673.55,910.42,567.13,799.04,321.22,1991,4
4498,679.43,921.17,562.72,792.29,327.76,1991,5
4499,727.57,949.59,570.61,831.98,345.16,1991,6
4500,675.21,866.03,535.75,725.27,315.18,1991,7
4501,712.71,900.13,556.68,793.17,331.59,1991,8
4502,742.47,915.05,561.55,816.25,343.46,1991,9
4503,721.88,909.29,562.15,817.69,342.05,1991,10
4504,717.98,924.13,576.53,870.51,351.4,1991,11
4505,709.14,882.2,553.79,851.23,335.06,1991,12
4506,806.48,951.65,608.75,994.0,376.24,1992,1
4507,807.51,945.47,623.78,949.69,385.17,1992,2
4508,834.27,951.21,635.38,923.45,399.72,1992,3
4509,829.3,941.76,616.2,876.34,391.02,1992,4
4510,835.37,987.52,637.8,863.41,396.12,1992,5
4511,847.63,1001.83,636.84,879.05,404.49,1992,6
4512,758.32,951.52,598.21,694.38,404.76,1992,7
4513,795.37,998.91,629.14,737.02,419.6,1992,8
4514,790.74,983.78,612.21,713.89,406.96,1992,9
4515,812.19,996.75,630.96,687.23,423.73,1992,10
4516,827.74,993.6,637.83,709.87,437.67,1992,11
4517,873.74,1005.96,672.61,743.65,467.48,1992,12
4518,880.5,1025.3,695.19,733.85,488.04,1993,1
4519,889.91,1038.64,717.33,686.32,506.77,1993,2
4520,877.97,1074.81,737.48,625.12,511.66,1993,3
4521,894.79,1100.06,758.83,632.82,532.32,1993,4
4522,829.05,1105.15,734.57,645.46,516.57,1993,5
4523,863.88,1125.8,783.4,668.0,526.52,1993,6
4524,780.35,1081.23,748.13,574.24,529.48,1993,7
4525,778.42,1091.11,742.21,543.47,542.28,1993,8
4526,806.51,1128.55,787.9,556.28,561.21,1993,9
4527,799.7,1118.29,792.17,562.36,572.68,1993,10
4528,842.72,1130.63,808.12,597.02,559.89,1993,11
4529,847.61,1106.78,788.42,603.18,547.78,1993,12
4530,855.44,1132.91,798.47,617.41,563.3,1994,1
4531,869.61,1174.42,829.86,619.98,590.78,1994,2
4532,865.29,1146.97,816.72,585.42,568.67,1994,3
4533,823.13,1100.46,789.66,546.68,546.67,1994,4
4534,828.8,1120.31,792.0,563.66,556.69,1994,5
4535,816.16,1120.46,808.55,593.49,576.01,1994,6
4536,699.31,981.86,701.03,544.2,507.6,1994,7
4537,712.76,1029.09,729.16,550.69,523.44,1994,8
4538,748.36,1055.26,765.91,610.73,540.09,1994,9
4539,734.03,1034.96,761.45,627.11,518.51,1994,10
4540,745.56,1053.95,795.41,635.1,520.1,1994,11
4541,723.1,1010.72,774.6,641.03,494.82,1994,12
4542,725.09,1031.89,791.79,647.85,503.79,1995,1
4543,726.94,1046.76,804.53,689.79,529.6,1995,2
4544,751.77,1090.49,847.36,707.21,556.46,1995,3
4545,778.21,1123.1,871.96,724.83,570.1,1995,4
4546,784.85,1157.9,922.0,754.38,582.92,1995,5
4547,820.58,1205.33,952.87,765.44,612.39,1995,6
4548,806.24,1151.65,961.67,757.7,574.49,1995,7
4549,830.89,1180.65,1033.16,807.17,602.81,1995,8
4550,826.64,1177.24,1052.56,818.24,624.57,1995,9
4551,863.35,1212.35,1083.03,884.28,653.63,1995,10
4552,843.46,1200.92,1090.93,889.82,641.82,1995,11
4553,890.18,1252.84,1105.31,937.0,678.77,1995,12
4554,901.14,1295.35,1096.08,994.46,685.95,1996,1
4555,920.87,1332.01,1106.87,1054.91,712.24,1996,2
4556,951.84,1335.04,1141.26,1047.99,731.1,1996,3
4557,975.34,1378.75,1105.01,1054.9,735.53,1996,4
4558,1002.26,1404.93,1191.9,1053.7,739.73,1996,5
4559,1059.44,1427.39,1224.36,1097.69,753.91,1996,6
4560,974.28,1387.99,1055.7,979.0,736.51,1996,7
4561,924.46,1332.91,977.47,922.21,707.46,1996,8
4562,953.13,1368.34,1003.88,965.59,734.6,1996,9
4563,989.9,1438.85,1082.16,1037.15,776.16,1996,10
4564,995.84,1485.31,1070.46,1029.67,809.87,1996,11
4565,1039.48,1556.95,1182.31,1107.3,874.07,1996,12
4566,1028.49,1563.45,1162.75,1081.89,857.13,1997,1
4567,1066.1,1621.68,1254.52,1189.15,911.11,1997,2
4568,1105.45,1611.24,1204.35,1206.13,941.68,1997,3
4569,1068.35,1586.62,1122.74,1119.88,891.39,1997,4
4570,1112.39,1639.08,1197.08,1191.55,938.85,1997,5
4571,1187.8,1752.7,1309.86,1278.75,988.43,1997,6
4572,1141.78,1743.58,1224.27,1276.72,972.75,1997,7
4573,1216.4,1859.91,1362.08,1309.48,1065.06,1997,8
4574,1181.48,1795.6,1339.87,1242.05,1017.42,1997,9
4575,1253.2,1885.12,1411.04,1332.05,1103.27,1997,10
4576,1225.22,1815.56,1344.51,1322.21,1074.05,1997,11
4577,1297.24,1876.94,1414.7,1367.22,1110.53,1997,12
4578,1337.14,1900.83,1400.43,1423.58,1167.04,1998,1
4579,1338.41,1873.89,1485.83,1509.84,1148.97,1998,2
4580,1464.5,1997.67,1615.51,1611.4,1257.6,1998,3
4581,1564.79,2107.94,1691.74,1675.0,1331.69,1998,4
4582,1552.4,2141.07,1751.12,1720.67,1366.87,1998,5
4583,1603.06,2096.77,1654.27,1693.11,1335.54,1998,6
4584,1550.94,2060.05,1720.3,1671.72,1331.86,1998,7
4585,1511.54,1944.35,1758.85,1680.1,1318.6,1998,8
4586,1310.98,1739.14,1480.44,1484.17,1041.53,1998,9
4587,1347.13,1837.22,1707.59,1697.87,1031.16,1998,10
4588,1477.19,1962.91,1830.78,1784.82,1113.62,1998,11
4589,1607.48,2019.69,2021.6,1919.73,1187.58,1998,12
4590,1706.07,2023.31,2342.11,2027.0,1228.68,1999,1
4591,1725.69,2003.92,2678.33,2047.28,1252.5,1999,2
4592,1700.95,1968.02,2440.76,2088.2,1266.04,1999,3
4593,1728.05,2096.01,2594.34,2158.63,1306.1,1999,4
4594,1787.44,2324.89,2727.08,2048.28,1403.35,1999,5
4595,1770.53,2288.66,2691.68,2028.57,1356.28,1999,6
4596,1823.35,2293.91,2935.15,2126.29,1510.32,1999,7
4597,1759.24,2318.4,2911.99,2049.39,1426.07,1999,8
4598,1688.68,2339.42,2990.55,2161.41,1360.44,1999,9
4599,1638.53,2272.49,2993.83,2019.17,1302.86,1999,10
4600,1721.43,2380.16,3161.02,2294.07,1463.56,1999,11
4601,1772.58,2288.24,3534.14,2354.94,1432.4,1999,12
4602,1834.87,2441.42,4148.14,2239.42,1457.2,2000,1
4603,1699.15,2335.65,3986.35,2432.15,1398.58,2000,2
4604,1616.88,2235.7,4543.55,2370.56,1316.2,2000,3
4605,1803.92,2403.87,4803.91,2327.44,1518.97,2000,4
4606,1778.13,2447.21,4336.39,2473.08,1483.43,2000,5
4607,1781.75,2487.3,3880.38,2394.91,1546.71,2000,6
4608,1623.56,2033.43,3988.96,2834.78,1772.99,2000,7
4609,1639.58,2021.68,3784.21,2678.28,1877.81,2000,8
4610,1628.04,2208.89,4202.99,2798.03,2061.94,2000,9
4611,1677.14,2213.94,3691.74,2935.35,2093.63,2000,10
4612,1735.85,2237.87,3484.19,3065.34,2078.84,2000,11
4613,1741.79,2205.89,2761.87,3141.24,1949.29,2000,12
4614,1851.18,2379.82,2589.91,3273.09,2046.01,2001,1
4615,1941.08,2291.14,3014.69,3024.93,2051.8,2001,2
4616,1898.55,2274.7,2363.68,3027.31,1972.37,2001,3
4617,1846.58,2227.05,2121.27,2805.75,1903.55,2001,4
4618,1961.18,2433.96,2453.3,2955.3,2038.21,2001,5
4619,2015.48,2472.27,2424.32,3030.33,2132.29,2001,6
4620,1974.42,2268.28,2520.01,2894.33,2121.3,2001,7
4621,2049.56,2260.0,2439.82,2974.39,2079.25,2001,8
4622,1980.89,2211.57,2168.92,2891.46,1977.05,2001,9
4623,1837.82,1966.89,1876.97,2883.41,1829.52,2001,10
4624,1890.05,2048.94,2054.91,2934.82,1832.55,2001,11
4625,2032.73,2110.55,2346.14,3089.1,1986.34,2001,12
4626,2116.95,2192.76,2374.64,3007.87,2078.84,2002,1
4627,2180.16,2183.54,2345.11,2941.42,2066.3,2002,2
4628,2236.5,2265.51,2118.89,2929.46,2077.48,2002,3
4629,2318.74,2439.82,2250.8,2974.93,2204.91,2002,4
4630,2331.21,2397.07,1990.84,2753.67,2152.81,2002,5
4631,2334.41,2364.58,1975.99,2711.59,2143.6,2002,6
4632,2218.87,2356.54,1703.19,2335.19,2096.76,2002,7
4633,2015.72,2128.22,1556.26,2284.74,1983.0,2002,8
4634,2058.87,2113.07,1565.08,2303.6,2015.58,2002,9
4635,1889.47,1942.75,1352.93,2186.0,1814.88,2002,10
4636,1986.11,2013.13,1626.3,2315.61,1937.76,2002,11
4637,2015.12,2109.89,1898.85,2429.83,2028.44,2002,12
4638,1935.42,2094.14,1692.42,2342.33,1945.96,2003,1
4639,1859.42,2029.44,1672.88,2346.47,1906.2,2003,2
4640,1829.93,2007.28,1697.11,2344.4,1860.78,2003,3
4641,1872.03,2047.43,1700.81,2339.02,1883.59,2003,4
4642,2032.52,2144.2,1886.65,2444.02,2118.62,2003,5
4643,2163.66,2284.2,2080.06,2560.04,2235.71,2003,6
4644,2145.39,2321.55,2137.27,2805.01,2213.22,2003,7
4645,2192.91,2352.38,2238.02,2835.94,2304.42,2003,8
4646,2304.79,2454.67,2364.4,2755.06,2324.13,2003,9
4647,2259.26,2413.17,2336.69,2766.69,2338.84,2003,10
4648,2443.8,2551.24,2544.92,2787.52,2505.73,2003,11
4649,2504.8,2599.27,2597.41,2838.64,2552.79,2003,12
4650,2545.16,2824.82,2701.76,3005.37,2678.88,2004,1
4651,2558.15,2832.27,2819.8,3113.6,2760.8,2004,2
4652,2688.56,2914.62,2785.61,3142.12,2823.24,2004,3
4653,2714.03,2919.13,2727.28,3031.6,2770.71,2004,4
4654,2710.35,2929.95,2629.33,3149.77,2686.16,2004,5
4655,2698.56,2965.23,2725.26,3152.63,2748.47,2004,6
4656,2688.86,3100.04,2760.95,2864.71,2700.04,2004,7
4657,2581.48,3069.46,2588.71,2704.45,2644.75,2004,8
4658,2572.68,3100.92,2509.15,2743.34,2705.64,2004,9
4659,2609.11,3227.05,2563.01,2707.06,2741.49,2004,10
4660,2692.49,3239.38,2703.86,2643.79,2776.05,2004,11
4661,2820.79,3458.56,2810.82,2667.15,2911.63,2004,12
4662,2933.18,3521.24,2905.14,2828.49,3074.47,2005,1
4663,2914.44,3535.54,2747.0,2712.63,3031.54,2005,2
4664,2941.83,3860.05,2736.54,2776.44,3041.49,2005,3
4665,2931.73,3799.4,2697.62,2766.3,2974.01,2005,4
4666,2827.7,3664.11,2612.44,2886.71,2943.66,2005,5
4667,2977.39,3749.51,2810.7,2933.23,3044.0,2005,6
4668,2984.11,3644.29,2681.35,2750.42,3008.82,2005,7
4669,3139.6,3825.64,2804.4,2870.3,3095.42,2005,8
4670,3046.47,3885.94,2802.43,2874.92,3052.26,2005,9
4671,3037.46,3982.18,2825.95,2844.22,3093.11,2005,10
4672,3041.24,3740.39,2777.93,2774.13,3141.21,2005,11
4673,3150.75,3841.29,2944.27,2825.7,3305.67,2005,12
4674,3150.06,3883.04,2912.5,2907.76,3305.1,2006,1
4675,3224.5,4174.33,3052.26,2989.64,3362.8,2006,2
4676,3283.21,4059.47,3061.89,3021.52,3403.25,2006,3
4677,3349.56,4111.69,3162.24,2959.83,3471.47,2006,4
4678,3352.67,4277.62,3137.69,2918.03,3551.63,2006,5
4679,3343.9,4161.46,2974.55,2856.27,3440.88,2006,6
4680,3083.76,4148.51,2915.63,2630.51,3334.76,2006,7
4681,3050.03,4168.03,2863.25,2741.92,3315.82,2006,8
4682,3147.11,4179.49,3045.33,2802.42,3377.98,2006,9
4683,3255.93,4164.55,3183.99,2850.09,3483.64,2006,10
4684,3388.66,4367.33,3333.15,2893.62,3594.0,2006,11
4685,3389.17,4612.57,3421.91,2905.81,3655.69,2006,12
4686,3452.34,4615.98,3379.52,2936.56,3799.72,2007,1
4687,3559.72,4678.66,3478.92,3045.9,3866.28,2007,2
4688,3505.91,4671.4,3414.49,2962.07,3778.76,2007,3
4689,3554.25,4892.21,3475.72,2976.99,3795.59,2007,4
4690,3679.34,5117.49,3649.69,3182.74,3935.82,2007,5
4691,3795.12,5413.17,3845.61,3204.97,4073.72,2007,6
4692,3574.11,5021.86,3829.01,2864.04,3666.72,2007,7
4693,3430.35,4971.87,3797.32,2767.31,3489.49,2007,8
4694,3495.89,5002.45,3880.22,2816.69,3532.47,2007,9
4695,3557.23,5273.48,4035.74,2923.04,3635.73,2007,10
4696,3655.95,5427.26,4220.35,2984.57,3651.34,2007,11
4697,3586.37,5266.78,3946.56,2985.01,3448.27,2007,12
4698,3513.76,5451.15,4017.7,2878.08,3320.06,2008,1
4699,3423.79,5049.51,3573.88,2755.46,3272.85,2008,2
4700,3333.34,5189.72,3464.31,2737.38,3029.84,2008,3
4701,3393.21,5150.56,3493.3,2720.6,2986.89,2008,4
4702,3508.9,5556.89,3736.47,2757.56,3101.72,2008,5
4703,3581.15,5745.39,3960.08,2806.92,3042.24,2008,6
4704,3100.72,5227.66,3383.72,2559.3,2484.88,2008,7
4705,3167.51,4835.85,3365.05,2752.89,2590.94,2008,8
4706,3298.41,4863.07,3500.76,2812.95,2604.48,2008,9
4707,3137.83,4250.23,3091.37,2673.0,2458.12,2008,10
4708,2612.45,3518.89,2558.93,2372.96,1975.96,2008,11
4709,2438.92,3412.83,2349.08,2205.53,1732.24,2008,12
4710,2509.27,3394.08,2415.84,2383.97,1730.41,2009,1
4711,2351.63,3216.92,2305.64,2350.9,1428.4,2009,2
4712,2233.37,2820.28,2187.32,1943.04,1224.98,2009,3
4713,2429.9,2973.72,2432.34,2087.73,1392.98,2009,4
4714,2654.57,3269.2,2722.94,2103.23,1625.44,2009,5
4715,2720.8,3501.34,2829.02,2257.29,1748.56,2009,6
4716,2690.31,3355.53,2901.1,2282.54,1807.65,2009,7
4717,2912.48,3623.47,3132.58,2423.23,1981.75,2009,8
4718,2991.9,3675.68,3192.01,2490.37,2146.84,2009,9
4719,3084.63,3878.57,3392.23,2428.4,2219.24,2009,10
4720,3103.02,3868.62,3327.85,2259.5,2113.52,2009,11
4721,3263.81,4080.22,3514.98,2463.69,2242.36,2009,12
4722,3349.32,4159.35,3748.47,2547.34,2267.76,2010,1
4723,3292.0,4002.08,3484.69,2560.63,2237.31,2010,2
4724,3428.75,4135.99,3644.55,2592.61,2326.74,2010,3
4725,3633.02,4330.41,3940.62,2682.35,2534.68,2010,4
4726,3703.58,4492.91,4046.28,2627.43,2594.43,2010,5
4727,3490.35,4059.46,3746.09,2411.48,2378.5,2010,6
4728,3172.72,3768.68,3426.17,2386.2,2354.35,2010,7
4729,3389.52,4081.53,3713.28,2447.79,2517.05,2010,8
4730,3281.77,3947.54,3521.15,2403.98,2341.35,2010,9
4731,3599.94,4289.9,3972.13,2627.38,2546.58,2010,10
4732,3734.17,4492.48,4237.68,2698.91,2613.5,2010,11
4733,3842.76,4638.0,4234.42,2638.77,2646.8,2010,12
4734,3998.93,4986.69,4514.05,2796.23,2906.98,2011,1
4735,3955.91,5221.01,4685.44,2793.85,2971.06,2011,2
4736,4096.79,5488.22,4861.88,2888.52,3069.55,2011,3
4737,4187.46,5596.81,4870.48,2936.72,3062.34,2011,4
4738,4394.88,5753.52,5049.03,3133.43,3109.38,2011,5
4739,4463.06,5611.55,5023.68,3241.34,3043.86,2011,6
4740,4295.01,5426.81,4668.78,3019.97,3000.87,2011,7
4741,4240.37,5303.63,4616.25,2915.37,2893.61,2011,8
4742,4113.85,4949.41,4320.41,2826.7,2663.76,2011,9
4743,3901.54,4465.1,4129.62,2719.97,2377.6,2011,10
4744,4293.98,5090.52,4609.47,2874.54,2721.65,2011,11
4745,4331.13,5186.81,4555.62,2915.11,2677.69,2011,12
4746,4379.84,5210.61,4575.95,3003.79,2727.14,2012,1
4747,4538.58,5365.64,4927.99,3132.35,2933.81,2012,2
4748,4705.37,5603.45,5256.59,3177.23,3061.89,2012,3
4749,4856.76,5566.26,5491.23,3322.79,3223.52,2012,4
4750,4874.25,5524.26,5416.7,3346.92,3185.93,2012,5
4751,4750.02,5104.65,5071.6,3254.29,2952.52,2012,6
4752,4626.43,5035.17,5034.44,3270.52,3010.06,2012,7
4753,4703.44,5159.89,5112.85,3352.49,2974.95,2012,8
4754,4809.86,5245.39,5313.55,3405.35,3088.98,2012,9
4755,4922.2,5411.57,5445.16,3564.34,3222.4,2012,10
4756,4888.02,5382.69,5193.43,3497.79,3260.4,2012,11
4757,4997.57,5413.64,5295.09,3579.12,3251.35,2012,12
4758,4958.86,5504.99,5327.65,3567.54,3363.74,2013,1
4759,5261.19,5857.22,5497.13,3857.74,3602.53,2013,2
4760,5349.87,5914.84,5579.97,3936.55,3662.0,2013,3
4761,5629.45,6110.2,5826.7,4197.12,3833.48,2013,4
4762,5846.69,6170.34,5929.34,4296.03,3886.07,2013,5
4763,5911.1,6252.75,6110.66,4393.37,4131.39,2013,6
4764,5601.15,6034.34,5683.16,3984.33,3997.29,2013,7
4765,5909.42,6385.55,6014.17,4316.17,4228.29,2013,8
4766,5684.03,6236.1,5983.92,4158.37,4080.9,2013,9
4767,5920.62,6472.55,6211.44,4357.5,4238.52,2013,10
4768,6287.26,6770.49,6526.1,4518.28,4409.72,2013,11
4769,6455.55,6853.88,6735.31,4718.27,4625.5,2013,12
4770,6530.35,7041.99,7021.38,4774.4,4777.73,2014,1
4771,6179.08,6815.73,6913.12,4864.14,4588.26,2014,2
4772,6487.09,7180.85,7224.06,5177.47,4751.19,2014,3
4773,6536.19,7296.3,7224.03,5050.62,4857.59,2014,4
4774,6544.37,7546.65,7163.39,5045.28,4776.27,2014,5
4775,6664.05,7597.32,7453.79,5139.13,4875.53,2014,6
4776,6570.83,7452.98,7261.29,4227.12,4673.71,2014,7
4777,6379.99,7129.61,7287.61,4205.7,4579.64,2014,8
4778,6714.73,7402.88,7540.03,4442.48,4777.91,2014,9
4779,6630.22,7077.41,7488.04,4436.76,4729.48,2014,10
4780,6839.71,7141.43,7607.96,4738.17,4902.63,2014,11
4781,7274.57,6997.96,7947.34,4856.74,5033.43,2014,12
4782,7285.98,7031.0,7884.24,4815.12,5101.29,2015,1
4783,7273.53,6851.93,7618.16,4905.07,4789.28,2015,2
4784,7694.16,7112.31,8283.43,4966.6,5152.21,2015,3
4785,7647.77,6968.18,8126.19,5007.3,5143.84,2015,4
4786,7553.82,7087.71,8317.56,4925.17,5176.05,2015,5
4787,7608.99,7008.82,8490.0,5150.26,5284.29,2015,6
4788,7188.37,6698.21,7736.44,4322.29,4977.13,2015,7
4789,7537.88,6481.03,7919.77,4471.06,5074.74,2015,8
4790,7162.92,6214.6,7433.22,4075.49,4768.85,2015,9
4791,7075.52,5995.01,7386.14,3805.01,4645.29,2015,10
4792,7455.6,6525.63,8152.39,4078.04,4959.74,2015,11
4793,7497.93,6519.08,8220.33,4109.71,5070.52,2015,12
4794,7529.68,6316.95,8040.62,4120.8,4925.26,2016,1
4795,7292.67,6075.01,7652.69,3721.06,4518.25,2016,2
4796,7308.36,6164.26,7625.83,3675.03,4515.62,2016,3
4797,7795.25,6674.26,8247.01,3821.73,4838.48,2016,4
4798,7792.04,6947.94,7977.82,4043.85,4984.66,2016,5
4799,7851.3,6944.06,8343.85,4138.3,5051.54,2016,6
4800,7850.3,7007.54,8034.1,3763.15,4626.71,2016,7
4801,8065.48,7089.51,8602.21,4028.35,4829.39,2016,8
4802,7990.92,7096.22,8650.27,3899.42,5005.02,2016,9
4803,7921.38,7170.32,8886.39,3948.17,4946.49,2016,10
4804,7729.49,7014.61,8841.25,3671.21,4992.51,2016,11
4805,7841.91,7387.54,9030.91,3761.28,5599.93,2016,12
4806,7941.85,7510.64,9246.5,3751.4,5764.85,2017,1
4807,8077.73,7518.25,9706.93,3846.57,5838.15,2017,2
4808,8356.26,7681.65,10078.55,4133.25,6069.58,2017,3
4809,8408.16,7710.71,10334.65,4148.2,5995.36,2017,4
4810,8587.11,7761.3,10584.19,4196.81,6054.4,2017,5
4811,8771.31,7771.73,10881.87,4189.61,6055.84,2017,6
4812,8107.35,7475.83,10044.45,4156.3,6044.89,2017,7
4813,8085.7,7651.63,10548.99,4198.83,6132.85,2017,8
4814,7983.74,7370.37,10847.67,4310.39,6104.46,2017,9
4815,8102.2,7727.77,10990.4,4414.79,6434.16,2017,10
4816,8270.48,7918.79,11594.69,4339.69,6622.39,2017,11
4817,8821.52,8163.92,11804.15,4433.31,6926.32,2017,12
4818,9042.53,8282.99,11902.66,4422.46,7048.12,2018,1
4819,9622.9,8522.0,12817.11,4742.4,7478.41,2018,2
4820,9161.15,8007.57,12687.78,4553.83,7232.6,2018,3
4821,8977.7,8055.25,12328.27,4468.48,7085.38,2018,4
4822,9086.76,8184.74,12309.8,4457.35,7138.15,2018,5
4823,9061.69,8362.85,12938.23,4566.05,7253.19,2018,6
4824,8919.48,8347.64,12478.02,4241.96,6758.57,2018,7
4825,9175.66,8632.18,12860.97,4499.45,7035.32,2018,8
4826,9606.1,8544.16,13731.28,4706.94,7198.08,2018,9
4827,9687.81,8603.35,13837.58,4814.64,7131.81,2018,10
4828,9153.51,7871.26,12796.78,4407.25,6612.71,2018,11
4829,9271.66,8059.38,12778.06,4699.31,6804.94,2018,12
4830,8366.99,7330.71,11795.42,4314.54,6087.78,2019,1
4831,9038.11,8013.78,12948.3,4535.67,6689.74,2019,2
4832,9175.46,8341.7,13619.97,4699.77,6901.07,2019,3
4833,9470.52,8422.78,14116.71,4748.76,6822.01,2019,4
4834,9893.01,8648.08,14936.12,4593.79,7294.48,2019,5
4835,9286.68,7906.05,13803.16,4448.52,6835.52,2019,6
4836,9611.72,8192.07,13920.6,4254.33,7033.58,2019,7
4837,9772.91,8128.76,14445.49,4163.29,7194.35,2019,8
4838,9768.52,7955.09,14230.92,4133.32,6857.64,2019,9
4839,9937.23,8305.74,14489.89,4097.05,7010.86,2019,10
4840,10106.61,8274.04,14936.14,4197.48,7267.68,2019,11
4841,10352.67,8439.69,15739.51,4440.09,7651.44,2019,12
